,Gender,Institution Type,IT Student,Location,Load-shedding,Internet Type,Self Lms,Age_11-15,Age_16-20,Age_26-30,Age_6-10,Education Level_University,Financial Condition_Poor,Financial Condition_Rich,Network Type_4G,Class Duration_1-3,Class Duration_3-6,Device_Mobile,Device_Tab,Adaptivity Level
0,0,1,0,1,1,1,0,0,0,0,0,1,0,0,1,0,1,0,1,2
1,1,1,0,1,0,0,1,0,0,0,0,1,0,0,1,1,0,1,0,2
2,1,0,0,1,1,1,0,0,1,0,0,0,0,0,1,1,0,1,0,2
3,1,1,0,1,1,0,0,1,0,0,0,0,0,0,1,1,0,1,0,2
4,1,1,0,1,1,0,0,0,1,0,0,0,1,0,0,0,0,1,0,1
5,0,1,0,1,1,0,0,1,0,0,0,0,1,0,0,1,0,1,0,1
6,0,1,0,1,1,1,0,1,0,0,0,0,0,0,1,0,0,1,0,1
7,0,1,0,1,1,1,0,1,0,0,0,0,0,0,1,1,0,1,0,2
8,0,0,0,1,1,1,0,0,1,0,0,0,0,0,1,1,0,1,0,1
9,0,1,0,1,1,0,0,1,0,0,0,0,0,0,0,1,0,1,0,2
10,1,0,0,1,1,1,0,0,1,0,0,1,0,0,1,1,0,1,0,1
11,1,1,0,1,1,1,0,0,1,0,0,0,0,0,1,1,0,1,0,1
12,0,1,1,1,1,0,0,1,0,0,0,0,0,0,0,1,0,1,0,2
13,1,1,0,0,1,1,0,0,1,0,0,0,0,0,1,1,0,1,0,1
14,1,1,0,1,1,0,0,1,0,0,0,0,1,0,0,1,0,1,0,2
15,0,1,0,1,0,1,0,1,0,0,0,0,1,0,1,1,0,1,0,1
16,1,0,1,1,1,0,0,0,0,1,0,1,1,0,1,0,0,0,0,1
17,1,0,0,0,1,1,0,0,0,0,0,1,0,0,1,1,0,1,0,1
18,1,1,0,1,0,1,0,0,1,0,0,0,0,0,1,1,0,1,0,1
19,1,1,0,1,0,1,0,0,1,0,0,0,0,0,1,0,1,1,0,2
20,1,1,0,1,1,1,0,0,0,0,1,0,0,1,1,1,0,1,0,0
21,0,0,0,1,1,0,0,0,0,0,1,0,0,0,1,0,0,1,0,1
22,1,1,0,0,1,0,1,0,1,0,0,0,0,0,0,0,1,1,0,1
23,1,1,0,1,1,0,0,1,0,0,0,0,0,0,0,1,0,1,0,2
24,0,0,0,1,1,1,0,0,1,0,0,0,0,0,1,0,1,1,0,2
25,0,1,0,1,1,0,0,1,0,0,0,0,0,0,1,1,0,1,0,2
26,1,1,0,1,1,0,0,0,0,0,0,0,0,0,1,1,0,1,0,2
27,0,1,1,1,1,1,0,0,0,1,0,1,0,0,1,0,1,0,0,2
28,1,1,0,1,1,0,0,0,0,0,0,0,0,0,1,1,0,1,0,2
29,1,1,0,1,0,1,0,0,1,0,0,0,0,0,1,0,1,1,0,2
30,1,1,0,1,1,0,0,0,0,0,1,0,0,0,0,1,0,1,0,2
31,1,1,0,0,1,0,0,0,1,0,0,0,0,0,1,1,0,1,0,1
32,0,1,1,1,1,0,0,0,0,0,0,1,0,0,1,1,0,1,0,2
33,1,1,0,1,1,1,0,0,1,0,0,0,0,0,1,1,0,1,0,2
34,0,1,0,1,1,0,0,1,0,0,0,0,1,0,0,1,0,1,0,1
35,1,1,1,1,1,1,1,0,0,0,0,1,0,0,0,0,1,1,0,2
36,1,0,1,1,1,0,0,0,0,0,0,0,0,0,1,1,0,1,0,2
37,1,1,0,1,1,0,0,0,0,0,1,0,1,0,0,1,0,1,0,0
38,1,0,0,0,1,0,0,0,0,1,0,1,1,0,1,1,0,1,0,1
39,1,0,0,1,1,1,0,1,0,0,0,0,0,0,0,1,0,1,0,1
40,0,1,0,1,1,1,1,0,0,0,0,1,0,0,1,0,1,0,0,2
41,1,1,1,1,1,1,1,0,0,0,0,1,0,0,1,1,0,1,0,2
42,1,1,0,1,1,0,0,0,1,0,0,0,1,0,0,0,0,1,0,1
43,0,1,0,1,1,0,0,1,0,0,0,0,0,0,1,1,0,1,0,2
44,0,1,1,1,1,1,1,0,0,0,0,1,0,0,0,0,1,0,0,1
45,0,1,1,1,1,1,0,0,0,0,0,1,0,0,1,1,0,0,0,2
46,1,1,0,1,1,0,0,0,0,0,0,0,1,0,1,1,0,1,0,2
47,1,1,0,1,1,0,0,1,0,0,0,0,0,0,0,1,0,1,0,2
48,0,1,0,1,1,0,0,1,0,0,0,0,0,0,1,1,0,1,0,2
49,0,1,1,1,1,1,1,0,0,0,0,1,0,0,0,0,1,0,0,1
50,0,0,0,1,1,1,0,0,1,0,0,0,0,0,1,1,0,1,0,1
51,1,1,0,1,1,0,0,1,0,0,0,0,0,0,1,1,0,1,0,2
52,0,1,1,1,0,0,1,0,0,0,0,1,0,0,0,0,1,1,0,2
53,0,0,1,0,1,0,0,0,0,1,0,1,1,0,1,1,0,1,0,2
54,0,1,0,1,1,0,0,0,0,0,0,0,1,0,1,1,0,1,0,1
55,1,1,0,1,1,0,0,0,0,0,0,0,0,0,1,1,0,1,0,2
56,0,0,0,1,1,0,0,0,0,0,0,1,0,0,1,0,0,1,0,1
57,1,1,1,1,1,0,0,0,1,0,0,1,0,0,0,1,0,1,0,1
58,1,1,0,0,0,0,0,1,0,0,0,0,0,0,0,0,0,1,0,1
59,0,0,0,0,1,0,0,0,1,0,0,0,1,0,0,0,0,1,0,1
60,0,1,0,1,1,1,0,0,0,0,0,1,0,0,1,0,1,1,0,2
61,0,0,0,0,1,0,0,0,0,0,0,0,0,0,1,0,0,1,0,1
62,1,1,0,1,1,0,1,0,1,0,0,0,0,0,0,1,0,1,0,2
63,0,1,1,1,1,0,0,1,0,0,0,0,0,0,1,1,0,1,0,2
64,0,1,0,1,0,1,0,1,0,0,0,0,1,0,1,1,0,1,0,1
65,0,0,0,0,1,0,0,0,0,1,0,1,0,0,1,1,0,1,0,0
66,0,1,0,1,1,0,0,1,0,0,0,0,0,0,0,1,0,1,0,2
67,1,0,0,0,1,0,0,0,0,0,1,0,0,0,0,0,0,1,0,1
68,1,0,0,1,1,1,0,1,0,0,0,0,0,0,1,1,0,1,0,1
69,0,1,1,1,1,0,0,1,0,0,0,0,0,0,1,1,0,1,0,2
70,0,0,0,0,0,0,1,0,0,0,0,0,1,0,0,1,0,1,0,1
71,1,0,0,0,1,0,0,0,1,0,0,0,0,0,1,0,0,1,0,1
72,0,0,0,1,1,0,0,0,0,0,0,1,0,0,1,0,0,1,0,1
73,1,1,0,1,1,0,0,1,0,0,0,0,1,0,0,1,0,1,0,1
74,0,1,1,1,1,0,0,1,0,0,0,0,0,0,1,1,0,1,0,2
75,1,1,0,1,1,0,0,0,0,0,1,0,0,0,0,1,0,1,0,1
76,1,1,0,1,1,0,1,0,1,0,0,0,0,0,0,1,0,1,0,2
77,1,0,0,0,0,0,0,0,0,0,0,0,0,0,1,0,0,1,0,1
78,1,1,0,1,1,0,0,1,0,0,0,0,0,0,1,0,1,1,0,2
79,0,1,0,1,1,0,0,1,0,0,0,0,0,0,1,1,0,1,0,2
80,0,1,0,1,1,0,0,1,0,0,0,0,1,0,0,1,0,1,0,1
81,1,1,0,1,1,0,0,1,0,0,0,0,0,0,1,0,1,1,0,2
82,0,1,1,1,1,1,0,0,0,0,0,1,0,0,1,1,0,0,0,2
83,1,0,0,0,1,0,0,1,0,0,0,0,0,0,0,0,0,1,0,1
84,1,1,0,1,1,0,0,0,0,0,0,0,1,0,1,1,0,1,0,2
85,0,1,0,1,1,0,0,1,0,0,0,0,0,0,0,1,0,1,0,2
86,0,1,0,1,1,0,0,1,0,0,0,0,0,0,1,1,0,1,0,0
87,1,1,1,1,1,1,1,0,0,0,0,1,0,0,1,1,0,1,0,2
88,0,1,0,1,0,1,0,1,0,0,0,0,0,0,1,1,0,1,0,2
89,0,0,0,0,1,0,0,0,0,1,0,1,1,0,1,0,0,1,0,1
90,0,1,0,0,1,0,0,0,0,0,0,1,0,0,1,1,0,1,0,2
91,0,1,1,1,1,1,1,0,0,0,0,1,0,0,1,0,1,0,0,2
92,0,1,1,1,1,1,1,0,0,0,0,1,0,0,0,0,1,0,0,2
93,0,1,1,1,0,0,1,0,0,0,0,1,1,0,0,1,0,1,0,1
94,1,1,0,1,1,0,0,0,0,0,0,0,1,0,1,1,0,1,0,2
95,1,1,1,1,1,1,0,0,1,0,0,1,0,0,1,1,0,0,0,2
96,0,1,0,1,1,0,0,1,0,0,0,0,0,0,1,1,0,1,0,2
97,1,0,0,0,0,0,0,1,0,0,0,0,1,0,0,1,0,1,0,1
98,0,1,1,1,1,1,1,0,0,0,0,1,0,0,1,1,0,1,0,2
99,0,0,0,1,1,1,0,0,1,0,0,0,0,0,1,1,0,1,0,1
100,0,1,0,1,1,1,0,1,0,0,0,0,0,0,1,0,0,1,0,1
101,1,1,0,1,1,1,0,1,0,0,0,0,0,0,1,1,0,0,0,2
102,1,1,0,0,0,0,0,0,1,0,0,0,0,0,0,0,0,1,0,1
103,0,1,1,1,1,0,0,1,0,0,0,0,0,0,1,1,0,1,0,2
104,1,1,0,1,1,1,0,0,0,0,0,0,1,0,1,1,0,1,0,2
105,0,0,0,1,1,1,0,1,0,0,0,0,0,0,1,1,0,0,0,2
106,1,1,0,1,1,0,0,1,0,0,0,0,0,0,0,1,0,1,0,2
107,1,1,0,1,1,1,0,1,0,0,0,0,0,0,1,1,0,0,0,2
108,0,1,0,1,1,1,0,0,0,0,0,1,0,0,1,0,1,0,1,2
109,1,1,0,1,1,1,1,0,0,0,0,1,0,0,0,1,0,1,0,0
110,0,0,0,1,1,0,0,0,0,0,1,0,0,0,1,0,0,1,0,1
111,1,1,0,1,1,1,0,0,1,0,0,0,0,0,1,1,0,1,0,1
112,0,0,0,0,1,0,0,1,0,0,0,0,0,0,0,0,0,1,0,1
113,0,1,1,1,0,0,1,0,0,0,0,1,1,0,0,1,0,1,0,2
114,1,1,0,1,1,1,0,0,1,0,0,0,0,0,1,0,1,1,0,2
115,0,1,0,1,1,1,1,0,0,0,0,1,0,0,1,0,1,0,0,2
116,0,0,1,1,1,1,0,0,0,1,0,1,0,0,1,0,0,0,0,1
117,0,1,1,1,0,1,1,0,0,0,0,1,0,0,1,0,1,0,0,1
118,0,0,0,0,0,0,0,0,1,0,0,0,1,0,0,1,0,1,0,2
119,1,1,1,0,1,0,1,0,0,0,0,1,0,0,0,1,0,1,0,2
120,1,1,0,1,0,1,0,0,1,0,0,0,0,0,1,0,1,0,0,2
121,1,1,0,1,1,1,0,0,1,0,0,0,0,0,1,1,0,1,0,1
122,0,1,0,1,1,0,0,1,0,0,0,0,0,0,1,1,0,1,0,2
123,0,1,0,1,1,0,0,1,0,0,0,0,0,0,0,1,0,1,0,2
124,1,1,1,1,1,1,1,0,1,0,0,1,0,0,1,1,0,0,0,2
125,1,1,0,1,1,0,0,1,0,0,0,0,1,0,0,1,0,1,0,1
126,1,0,0,1,1,0,0,0,0,0,0,1,0,0,1,1,0,1,0,1
127,0,0,0,1,1,1,0,0,1,0,0,0,0,0,1,0,1,1,0,2
128,1,0,0,1,1,1,0,1,0,0,0,0,0,0,1,1,0,1,0,1
129,0,1,1,1,1,1,1,0,0,0,0,1,0,1,1,1,0,0,0,0
130,1,1,1,1,1,1,1,0,0,0,0,1,0,0,0,0,1,1,0,2
131,0,0,1,0,0,0,0,0,0,0,0,1,0,0,0,1,0,1,0,1
132,0,1,1,0,0,0,1,0,0,0,0,1,0,0,0,0,1,1,0,0
133,0,0,0,1,1,0,0,0,1,0,0,0,1,0,1,1,0,1,0,1
134,0,1,1,1,0,0,1,0,0,0,0,1,0,0,0,0,1,1,0,2
135,0,0,1,1,1,1,0,0,0,0,0,1,0,0,1,0,1,0,0,1
136,1,1,0,1,1,0,0,0,1,0,0,0,1,0,0,0,0,1,0,1
137,1,1,0,1,1,0,0,0,0,0,0,1,0,0,1,1,0,1,0,2
138,1,1,0,1,1,0,0,0,0,0,0,0,1,0,1,1,0,1,0,2
139,1,1,0,1,1,0,0,1,0,0,0,0,0,0,1,1,0,1,0,2
140,1,1,0,1,1,0,0,1,0,0,0,0,1,0,0,1,0,1,0,1
141,0,1,1,1,0,0,1,0,0,0,0,1,0,0,0,0,1,1,0,2
142,1,1,1,1,1,0,0,1,0,0,0,0,0,0,0,1,0,1,0,2
143,1,1,0,0,1,0,0,0,1,0,0,0,0,0,0,1,0,1,0,2
144,0,0,0,0,1,0,0,0,0,0,0,1,1,0,0,1,0,1,0,1
145,0,1,0,1,1,1,0,0,0,0,0,1,0,0,1,0,1,0,0,2
146,0,1,1,1,0,1,0,0,0,0,0,1,1,0,0,0,1,0,0,2
147,0,1,0,1,1,1,0,1,0,0,0,0,0,0,1,0,0,1,0,1
148,1,1,0,1,0,1,0,0,0,0,0,1,1,0,1,0,1,1,0,1
149,1,0,0,0,1,0,0,0,0,0,0,1,0,0,0,1,0,1,0,1
150,1,1,0,1,1,0,0,0,0,0,0,0,1,0,1,1,0,1,0,2
151,0,0,0,0,1,1,0,0,1,0,0,0,0,0,1,1,0,1,0,1
152,0,1,0,1,1,0,0,1,0,0,0,0,0,1,1,1,0,1,0,0
153,0,1,0,1,1,1,0,0,0,0,1,0,0,1,1,1,0,1,0,2
154,0,1,1,1,1,1,0,0,0,0,0,1,0,0,1,0,1,0,0,1
155,0,0,1,1,1,0,0,0,0,0,0,1,0,0,0,1,0,0,0,1
156,0,1,0,1,1,0,0,0,0,0,0,0,1,0,1,1,0,1,0,1
157,0,0,1,1,1,1,0,0,0,1,0,1,0,1,1,1,0,0,0,0
158,1,1,0,1,1,0,0,0,0,0,0,0,0,0,1,1,0,1,0,2
159,0,1,1,1,0,0,1,0,0,0,0,1,0,0,0,1,0,0,0,2
160,0,1,1,1,1,1,1,0,0,0,0,1,0,0,0,1,0,1,0,1
161,0,1,1,0,0,0,1,0,0,0,0,1,0,0,0,0,1,1,0,0
162,0,0,0,0,1,0,0,0,1,0,0,1,1,0,1,1,0,1,0,2
163,0,0,0,0,1,0,0,0,0,0,1,0,0,0,0,0,0,1,0,1
164,1,0,0,0,0,0,0,0,1,0,0,0,1,0,1,0,0,1,0,1
165,1,1,0,1,1,0,0,1,0,0,0,0,0,0,1,1,0,1,0,2
166,0,0,0,0,0,0,1,0,0,0,0,0,1,0,0,1,0,1,0,1
167,0,0,0,0,1,0,0,0,0,1,0,1,0,0,1,1,0,1,0,0
168,1,1,0,1,1,0,0,1,0,0,0,0,0,0,1,1,0,1,0,2
169,0,0,1,1,1,0,1,0,1,0,0,0,0,0,1,1,0,1,0,1
170,0,1,1,1,1,1,1,0,0,0,0,1,0,0,0,1,0,0,0,2
171,1,0,0,1,1,1,0,0,0,1,0,1,0,0,1,1,0,1,0,1
172,1,1,0,1,0,1,0,0,1,0,0,0,0,0,1,1,0,1,0,1
173,0,1,1,1,1,1,1,0,0,0,0,1,0,1,1,1,0,0,0,0
174,0,0,0,1,1,0,0,1,0,0,0,0,0,0,1,1,0,1,0,2
175,0,1,1,1,1,1,0,0,0,0,0,1,0,0,1,0,1,0,0,1
176,1,1,0,1,1,1,0,1,0,0,0,0,1,0,0,1,0,1,0,2
177,0,0,1,1,1,0,1,0,1,0,0,0,0,0,1,1,0,1,0,1
178,1,1,1,1,1,0,0,0,1,0,0,1,0,0,0,1,0,1,0,1
179,1,1,0,1,1,0,0,0,1,0,0,0,1,0,0,0,0,1,0,1
180,0,0,0,1,1,1,0,1,0,0,0,0,0,0,1,1,0,0,0,2
181,0,1,0,1,1,1,0,0,0,0,0,0,0,0,1,1,0,1,0,1
182,1,1,0,1,1,1,0,0,0,0,0,0,0,0,1,1,0,1,0,2
183,1,1,0,1,1,1,0,0,0,0,0,1,0,1,1,0,1,0,0,2
184,1,1,0,1,1,1,0,0,1,0,0,0,0,0,1,1,0,1,0,1
185,0,1,0,1,1,0,0,1,0,0,0,0,1,0,0,1,0,1,0,1
186,1,1,1,1,1,0,0,1,0,0,0,0,0,0,0,1,0,1,0,2
187,1,0,0,1,1,0,0,0,0,0,0,1,0,0,1,1,0,1,0,1
188,0,1,0,1,1,0,0,1,0,0,0,0,0,0,1,1,0,1,0,2
189,0,1,0,1,1,1,0,0,0,0,0,1,0,0,1,0,1,0,1,2
190,0,1,0,1,0,1,0,1,0,0,0,0,1,0,1,1,0,1,0,1
191,0,1,1,1,0,0,1,0,0,0,0,1,0,0,0,0,1,1,0,2
192,0,1,1,1,0,0,1,0,0,0,0,1,0,0,0,0,1,1,0,2
193,0,0,0,0,1,0,0,0,1,0,0,0,1,0,0,0,0,1,0,1
194,1,0,0,0,1,0,0,0,1,0,0,0,0,0,1,0,0,1,0,1
195,0,1,1,1,1,1,1,0,0,0,0,1,0,0,0,1,0,1,0,1
196,0,0,0,1,1,0,0,0,1,0,0,0,1,0,1,1,0,1,0,1
197,0,1,1,1,1,0,0,1,0,0,0,0,1,0,1,1,0,1,0,2
198,0,1,0,1,1,0,0,1,0,0,0,0,0,0,0,1,0,1,0,2
199,1,0,0,1,1,1,0,1,0,0,0,0,0,0,0,1,0,1,0,1
200,0,0,0,1,1,0,0,0,0,0,1,0,0,0,1,0,0,1,0,1
201,0,1,0,1,1,0,0,1,0,0,0,0,1,0,0,1,0,1,0,1
202,0,1,0,1,1,0,0,1,0,0,0,0,1,0,0,1,0,1,0,1
203,0,1,1,1,1,1,1,0,0,0,0,1,0,0,1,1,0,1,0,2
204,0,1,0,1,1,0,0,1,0,0,0,0,1,0,0,1,0,1,0,1
205,0,0,0,1,1,1,0,1,0,0,0,0,0,0,1,1,0,1,0,0
206,0,1,1,1,1,1,0,0,0,1,0,1,0,0,1,0,1,0,0,2
207,0,1,0,1,1,0,0,1,0,0,0,0,1,0,0,1,0,1,0,1
208,1,0,0,1,1,1,0,0,0,1,0,1,0,0,1,1,0,1,0,1
209,1,1,1,1,0,1,1,0,0,0,0,1,0,0,0,0,1,1,0,1
210,1,0,0,0,0,0,0,1,0,0,0,0,1,0,0,1,0,1,0,1
211,1,0,0,0,1,0,0,0,1,0,0,0,0,1,1,1,0,1,0,0
212,1,0,0,0,0,0,0,0,1,0,0,0,0,0,0,1,0,1,0,1
213,1,1,0,1,0,1,0,0,1,0,0,0,0,0,1,0,1,0,0,2
214,1,0,1,1,1,0,0,0,0,0,0,0,0,0,1,1,0,1,0,2
215,0,0,0,1,1,0,0,0,1,0,0,0,0,1,1,1,0,1,0,2
216,0,1,0,1,1,0,0,1,0,0,0,0,0,0,1,1,0,1,0,2
217,1,1,0,1,1,0,0,0,1,0,0,0,1,0,0,0,0,1,0,1
218,0,1,1,1,0,1,0,0,0,0,0,1,1,0,0,0,1,1,0,1
219,0,0,0,0,1,0,0,1,0,0,0,0,0,0,0,0,0,1,0,1
220,0,1,1,1,1,1,1,0,0,0,0,1,0,0,0,0,1,0,0,2
221,0,1,0,1,1,0,0,1,0,0,0,0,0,0,1,0,1,1,0,2
222,1,1,0,1,1,0,0,1,0,0,0,0,0,0,0,1,0,1,0,2
223,0,1,0,1,1,0,0,1,0,0,0,0,0,0,0,1,0,1,0,2
224,1,1,0,0,1,1,0,0,0,0,0,1,0,0,1,0,0,1,0,1
225,1,1,1,1,1,0,0,1,0,0,0,0,0,0,0,1,0,1,0,2
226,0,1,1,1,0,0,1,0,0,0,0,1,0,0,0,0,1,1,0,2
227,0,1,0,1,1,0,0,0,0,0,0,0,1,0,1,1,0,1,0,1
228,0,1,0,1,1,0,0,1,0,0,0,0,0,0,0,1,0,1,0,2
229,1,1,0,1,1,0,0,1,0,0,0,0,1,0,0,1,0,1,0,2
230,1,1,0,1,1,1,0,1,0,0,0,0,1,0,0,1,0,1,0,2
231,1,1,1,1,1,1,1,0,0,0,0,1,0,0,1,1,0,1,0,2
232,1,1,0,1,1,1,0,0,1,0,0,0,0,0,1,0,0,1,0,1
233,0,0,0,1,1,1,0,1,0,0,0,0,0,0,1,1,0,1,0,0
234,0,1,1,0,1,1,1,0,0,0,0,1,0,0,1,0,1,0,0,2
235,0,1,1,0,0,0,1,0,0,0,0,1,1,0,0,0,1,1,0,2
236,0,1,0,1,1,1,0,0,0,0,0,1,0,0,1,0,1,0,0,2
237,1,0,0,1,1,0,0,0,0,1,0,1,0,0,1,0,0,1,0,1
238,1,1,0,1,1,1,0,0,0,0,0,1,0,0,0,0,1,1,0,2
239,0,1,1,1,1,1,0,0,0,0,0,1,0,0,1,1,0,1,0,1
240,1,0,0,1,1,0,0,0,0,0,0,1,0,0,1,1,0,1,0,1
241,0,1,0,1,1,0,0,1,0,0,0,0,0,0,1,1,0,1,0,2
242,1,0,0,1,1,1,0,1,0,0,0,0,0,1,1,1,0,1,0,2
243,1,1,0,0,0,1,0,0,1,0,0,0,0,0,1,0,1,1,0,2
244,1,1,0,0,0,0,0,1,0,0,0,0,0,0,0,0,0,1,0,1
245,1,1,0,1,1,1,0,0,0,0,0,0,1,0,1,1,0,1,0,2
246,0,1,1,1,1,1,1,0,0,0,0,1,0,0,0,0,1,0,0,2
247,0,1,0,1,1,0,0,1,0,0,0,0,1,0,0,1,0,1,0,1
248,0,1,1,1,0,0,1,0,0,0,0,1,0,0,0,0,1,1,0,2
249,0,0,1,1,1,0,1,0,0,0,0,1,0,0,0,1,0,1,0,2
250,0,1,0,1,1,1,0,0,0,0,0,1,0,0,1,0,1,0,0,2
251,1,1,0,1,0,1,0,0,1,0,0,0,0,0,1,1,0,1,0,1
252,0,0,0,0,1,1,0,0,1,0,0,0,0,0,1,1,0,1,0,1
253,0,0,0,0,1,0,0,0,0,0,0,1,1,0,0,1,0,1,0,1
254,1,1,0,1,1,1,0,1,0,0,0,0,1,0,0,1,0,1,0,2
255,0,1,0,1,1,0,0,1,0,0,0,0,0,0,0,1,0,1,0,2
256,0,0,0,1,0,1,0,0,1,0,0,0,0,0,1,1,0,1,0,2
257,1,1,0,1,1,0,0,0,0,0,0,1,0,0,1,1,0,1,0,2
258,0,1,0,1,1,0,0,1,0,0,0,0,1,0,0,1,0,1,0,1
259,0,0,1,1,1,1,0,0,0,1,0,1,0,1,1,1,0,1,0,0
260,1,1,0,1,1,0,0,1,0,0,0,0,1,0,0,1,0,1,0,1
261,0,1,1,1,1,0,1,0,0,0,0,1,0,0,0,0,1,1,0,1
262,1,1,0,1,0,1,0,0,1,0,0,0,0,0,1,0,1,1,0,2
263,0,1,0,1,1,0,0,0,0,0,0,0,1,0,1,1,0,1,0,1
264,0,0,0,1,1,1,0,0,1,0,0,0,0,0,1,1,0,1,0,1
265,1,1,0,1,1,1,0,0,0,0,0,0,1,0,1,1,0,1,0,2
266,1,0,0,1,1,1,0,0,1,0,0,0,0,0,1,1,0,1,0,2
267,1,0,0,1,1,1,1,0,1,0,0,1,0,0,1,1,0,1,0,1
268,1,1,0,1,1,1,0,0,1,0,0,0,0,0,1,1,0,1,0,2
269,0,1,0,1,1,0,1,0,0,0,0,1,1,0,1,1,0,1,0,0
270,0,1,1,1,1,0,0,1,0,0,0,0,0,0,1,1,0,1,0,2
271,0,1,0,1,1,1,0,0,0,0,0,1,0,0,1,0,1,1,0,2
272,0,0,0,1,1,0,0,1,0,0,0,0,0,0,1,1,0,1,0,2
273,1,1,0,1,1,0,0,1,0,0,0,0,0,0,0,1,0,1,0,2
274,1,1,0,1,1,0,0,0,0,0,1,0,0,0,0,1,0,1,0,1
275,0,1,0,1,1,0,0,1,0,0,0,0,0,0,1,1,0,1,0,2
276,1,1,1,1,1,0,0,0,1,0,0,1,0,0,0,1,0,1,0,1
277,1,0,0,0,1,0,0,0,0,0,0,1,0,0,0,1,0,1,0,1
278,0,1,0,0,1,0,1,0,0,0,0,1,1,0,1,1,0,1,0,1
279,0,1,0,1,1,0,0,1,0,0,0,0,0,0,0,1,0,1,0,1
280,0,0,0,0,1,0,0,0,0,1,0,1,1,0,1,0,0,1,0,1
281,1,0,0,0,1,0,0,0,1,0,0,0,0,0,1,0,0,1,0,1
282,1,1,1,1,0,1,0,0,0,0,0,1,0,0,1,1,0,1,0,1
283,0,1,1,1,0,1,1,0,0,0,0,1,1,0,1,1,0,0,0,0
284,0,1,0,0,1,0,1,0,0,0,0,1,0,0,1,1,0,1,0,2
285,0,0,1,0,1,0,0,0,0,0,0,0,1,0,1,0,0,1,0,1
286,0,1,1,1,0,0,1,0,0,0,0,1,0,0,0,0,1,1,0,2
287,0,1,0,1,1,1,0,1,0,0,0,0,0,0,1,0,0,1,0,1
288,0,1,0,1,1,1,0,1,0,0,0,0,0,0,1,0,0,1,0,1
289,0,1,0,1,1,0,0,1,0,0,0,0,1,0,1,1,0,1,0,2
290,0,1,0,1,1,0,0,1,0,0,0,0,0,0,1,1,0,1,0,2
291,0,1,0,1,1,1,0,1,0,0,0,0,0,0,1,1,0,1,0,2
292,1,1,0,1,1,0,0,0,0,0,0,0,0,0,1,1,0,1,0,2
293,1,0,0,1,1,0,1,0,0,0,0,1,0,0,1,1,0,1,0,2
294,1,0,0,1,1,0,1,0,0,0,0,0,0,1,1,1,0,1,0,1
295,0,1,0,1,1,0,0,1,0,0,0,0,1,0,1,1,0,1,0,2
296,0,1,0,1,1,1,0,0,0,0,0,1,0,1,1,0,1,0,1,0
297,1,0,0,0,0,0,0,0,1,0,0,0,0,0,1,1,0,1,0,2
298,0,1,0,1,1,0,0,1,0,0,0,0,0,0,1,1,0,1,0,2
299,0,1,0,1,1,1,0,1,0,0,0,0,0,0,1,1,0,1,0,2
300,0,1,0,1,1,1,0,0,0,0,0,1,0,1,1,0,1,0,0,0
301,0,1,1,1,0,0,1,0,0,0,0,1,0,0,0,0,1,1,0,2
302,0,1,0,1,1,1,0,0,0,0,0,0,0,0,1,1,0,1,0,1
303,1,1,0,1,1,0,0,0,0,0,0,0,1,0,1,1,0,1,0,2
304,0,0,0,0,0,0,0,0,0,0,0,1,1,0,1,0,1,1,0,2
305,1,1,0,1,1,1,0,0,1,0,0,0,0,0,1,1,0,0,0,1
306,0,0,1,1,1,1,1,0,1,0,0,0,0,0,1,1,0,0,1,2
307,0,1,0,1,1,0,0,1,0,0,0,0,0,1,0,1,0,1,0,2
308,0,1,0,1,1,1,0,0,0,0,0,1,0,0,1,0,1,0,1,2
309,0,0,1,1,1,0,1,0,0,0,0,1,0,0,0,1,0,1,0,2
310,1,1,0,1,1,0,0,0,0,0,0,0,1,0,1,1,0,1,0,2
311,1,1,0,0,1,1,0,0,1,0,0,0,0,0,1,1,0,1,0,1
312,0,1,0,1,1,0,0,1,0,0,0,0,1,0,0,1,0,1,0,2
313,0,1,0,1,0,1,0,1,0,0,0,0,0,0,1,1,0,1,0,2
314,1,1,0,1,1,1,0,0,1,0,0,0,0,0,1,1,0,1,0,2
315,1,1,0,1,1,0,0,1,0,0,0,0,1,0,0,1,0,1,0,1
316,0,1,0,1,1,1,0,0,0,0,0,1,0,0,1,0,1,0,1,2
317,1,0,0,1,1,1,0,0,0,0,0,1,0,0,1,0,0,1,0,1
318,1,1,0,1,0,1,0,0,1,0,0,0,0,0,1,1,0,1,0,1
319,1,1,0,1,1,0,0,1,0,0,0,0,1,0,0,1,0,1,0,1
320,0,1,0,1,1,0,0,1,0,0,0,0,0,1,0,1,0,1,0,2
321,0,1,0,1,1,0,0,0,0,0,0,1,0,0,1,0,0,1,0,1
322,1,1,0,1,1,0,0,0,0,0,0,0,0,0,1,1,0,1,0,2
323,1,1,0,1,1,0,0,1,0,0,0,0,1,0,0,1,0,1,0,1
324,1,1,0,0,1,0,1,0,1,0,0,0,0,0,0,0,1,1,0,1
325,0,0,1,0,0,0,0,0,0,0,0,1,0,0,0,1,0,1,0,2
326,1,1,0,1,1,0,0,0,0,0,0,0,1,0,1,1,0,1,0,2
327,0,0,0,1,1,1,0,1,0,0,0,0,0,0,1,1,0,1,0,2
328,0,1,0,0,1,0,0,0,0,0,0,1,0,0,1,1,0,1,0,2
329,1,0,0,0,0,0,0,0,0,0,0,0,0,0,0,0,0,1,0,1
330,1,1,0,1,1,0,0,1,0,0,0,0,0,0,0,1,0,1,0,2
331,0,0,1,1,1,1,0,0,0,0,0,1,0,0,0,1,0,1,0,1
332,1,1,0,1,0,1,0,0,0,0,0,1,1,0,1,0,1,1,0,1
333,1,1,1,0,1,0,1,0,0,0,0,1,0,0,0,1,0,1,0,2
334,1,1,0,1,1,1,0,0,1,0,0,0,0,0,1,0,1,1,0,2
335,0,1,1,1,1,1,1,0,0,0,0,1,0,0,1,1,0,1,0,2
336,0,1,0,1,1,0,0,0,0,0,0,1,0,0,1,1,0,1,0,1
337,0,0,0,1,1,1,0,0,1,0,0,0,0,0,1,1,0,1,0,1
338,0,1,0,1,1,0,0,1,0,0,0,0,0,0,1,1,0,1,0,2
339,1,0,0,0,1,0,0,0,0,1,0,1,1,0,1,0,0,1,0,1
340,1,1,0,1,1,0,0,0,0,0,0,0,0,0,1,1,0,1,0,2
341,1,0,1,1,1,0,0,0,0,0,0,0,0,0,1,1,0,1,0,2
342,1,1,0,1,1,0,0,1,0,0,0,0,0,0,1,1,0,1,0,2
343,0,0,0,1,1,1,0,0,1,0,0,0,0,0,1,1,0,1,0,2
344,1,1,1,1,1,1,1,0,0,0,0,1,0,0,0,0,1,0,0,1
345,0,1,1,0,0,0,1,0,0,0,0,1,1,0,0,1,0,1,0,2
346,1,0,0,1,1,0,0,0,0,1,0,1,0,0,1,0,0,1,0,1
347,0,1,0,1,1,1,0,0,0,0,1,0,0,1,1,1,0,1,0,2
348,0,1,0,1,1,0,0,1,0,0,0,0,1,0,0,1,0,1,0,1
349,0,1,0,1,1,0,0,1,0,0,0,0,1,0,1,0,1,1,0,2
350,1,1,0,1,1,0,0,0,0,0,0,0,1,0,1,1,0,1,0,2
351,1,0,0,0,1,0,0,0,0,1,0,1,1,0,1,0,0,1,0,1
352,1,1,0,1,0,1,0,0,1,0,0,0,0,0,1,0,1,1,0,2
353,0,1,0,1,1,1,1,0,0,0,0,1,0,0,1,0,1,0,0,2
354,0,1,0,1,1,0,0,1,0,0,0,0,0,0,1,1,0,1,0,2
355,0,0,1,0,1,1,0,0,1,0,0,0,0,1,1,0,0,1,0,1
356,0,0,1,1,1,0,0,0,1,0,0,0,0,0,1,1,0,1,0,2
357,1,1,0,1,1,0,0,1,0,0,0,0,0,0,0,1,0,1,0,2
358,1,1,0,1,1,0,0,0,0,0,1,0,0,0,0,1,0,1,0,2
359,0,1,0,1,1,0,0,1,0,0,0,0,0,0,1,1,0,1,0,2
360,0,1,0,1,1,0,0,1,0,0,0,0,0,0,0,1,0,1,0,2
361,1,1,0,1,1,0,0,0,0,0,1,0,1,0,0,1,0,1,0,0
362,0,1,1,1,1,1,0,0,0,0,0,1,0,0,1,0,1,0,0,1
363,0,1,0,1,1,0,0,1,0,0,0,0,0,0,1,1,0,1,0,2
364,0,1,1,1,0,0,1,0,0,0,0,1,1,0,0,1,0,1,0,1
365,0,1,0,1,1,1,0,0,0,0,0,1,0,1,1,0,1,0,0,0
366,1,0,0,1,1,0,0,0,1,0,0,0,0,0,0,1,0,1,0,1
367,1,1,0,1,1,0,0,1,0,0,0,0,0,0,0,1,0,1,0,2
368,1,0,0,1,1,1,0,0,1,0,0,0,0,0,0,1,0,1,0,2
369,1,1,0,1,1,1,0,0,1,0,0,0,0,0,1,1,0,1,0,1
370,0,0,0,1,1,1,0,0,1,0,0,0,0,0,1,1,0,1,0,2
371,0,1,1,1,0,0,1,0,0,0,0,1,0,0,0,0,1,1,0,2
372,1,0,0,1,1,1,1,0,1,0,0,1,0,0,1,1,0,1,0,1
373,0,1,1,1,1,1,1,0,0,1,0,1,0,0,0,1,0,1,0,2
374,0,0,1,1,1,0,0,0,0,0,0,0,0,0,1,1,0,1,0,2
375,1,0,0,0,1,0,0,0,0,0,1,0,0,0,0,0,0,1,0,1
376,1,1,0,0,0,0,0,1,0,0,0,0,0,0,0,0,0,1,0,1
377,0,0,1,1,1,0,1,0,0,0,0,1,0,0,0,1,0,1,0,2
378,1,1,0,1,1,0,0,0,0,0,0,0,1,0,1,1,0,1,0,2
379,1,0,0,1,1,1,0,0,0,1,0,1,0,0,1,1,0,1,0,1
380,0,1,0,1,1,1,0,1,0,0,0,0,0,0,1,0,0,1,0,1
381,0,0,0,0,1,0,0,0,0,0,0,1,0,0,1,0,0,1,0,2
382,0,1,0,1,1,0,0,1,0,0,0,0,0,0,0,1,0,1,0,1
383,0,1,1,0,1,1,1,0,0,0,0,1,0,0,1,0,1,0,0,2
384,0,0,0,1,1,1,1,0,1,0,0,0,0,0,0,1,0,1,0,2
385,0,0,1,0,0,0,0,0,0,0,0,1,0,0,0,1,0,1,0,2
386,0,1,0,1,1,0,0,1,0,0,0,0,0,0,0,1,0,1,0,2
387,0,1,0,1,0,1,0,1,0,0,0,0,0,0,1,1,0,1,0,2
388,0,1,1,1,0,0,1,0,0,1,0,1,1,0,0,1,0,0,0,2
389,1,0,0,0,1,0,0,1,0,0,0,0,0,0,0,0,0,1,0,1
390,1,1,0,1,1,1,0,0,1,0,0,0,0,0,1,0,1,1,0,0
391,1,1,0,1,1,0,0,1,0,0,0,0,0,0,1,1,0,1,0,2
392,1,1,0,0,1,1,0,0,1,0,0,0,0,0,1,1,0,1,0,1
393,1,0,0,0,1,0,0,0,0,1,0,1,1,0,1,1,0,1,0,1
394,1,1,0,1,1,1,0,0,1,0,0,0,0,0,1,1,0,0,0,1
395,0,0,1,1,1,0,0,0,0,0,0,1,0,0,0,1,0,1,0,1
396,1,1,0,0,1,1,0,0,0,0,0,1,0,0,1,0,0,1,0,1
397,0,1,1,1,1,1,0,0,0,0,0,1,0,1,1,0,1,1,0,1
398,0,1,1,1,0,1,1,0,0,0,0,1,1,0,1,1,0,0,0,0
399,1,0,0,1,1,1,0,0,0,1,0,1,0,0,1,0,0,1,0,1
400,0,0,0,1,1,1,0,0,1,0,0,0,0,0,1,1,0,1,0,2
401,0,0,0,1,1,1,1,0,1,0,0,0,0,0,0,1,0,1,0,2
402,0,0,1,1,1,1,0,0,0,1,0,1,0,0,1,0,0,0,0,1
403,0,0,0,1,0,1,0,0,1,0,0,0,0,0,1,1,0,1,0,2
404,0,1,0,1,1,0,0,0,0,0,0,1,0,0,1,1,0,1,0,1
405,1,0,0,0,1,0,0,0,0,1,0,1,1,0,1,1,0,1,0,1
406,0,1,1,1,1,1,1,0,0,0,0,1,0,0,1,1,0,0,0,0
407,1,1,0,1,1,0,0,0,0,0,0,0,1,0,1,1,0,1,0,2
408,0,1,0,1,1,0,0,1,0,0,0,0,0,0,1,1,0,1,0,2
409,0,0,1,1,1,1,0,0,0,1,0,1,0,1,1,1,0,1,0,0
410,0,1,1,1,1,1,1,0,0,0,0,1,0,1,1,1,0,0,0,0
411,0,1,1,1,0,1,1,0,0,0,0,1,1,0,1,1,0,0,0,0
412,0,1,0,1,1,1,0,0,0,0,0,1,0,0,1,0,1,0,1,2
413,1,1,0,0,1,1,0,0,1,0,0,0,0,0,1,1,0,1,0,1
414,1,1,0,1,1,0,0,0,0,0,0,0,0,0,1,1,0,1,0,2
415,0,0,1,1,1,1,0,0,0,1,0,1,0,0,1,0,0,0,0,1
416,0,0,0,0,0,0,0,0,1,0,0,0,0,0,0,1,0,1,0,1
417,0,1,1,1,1,1,1,0,0,1,0,1,0,0,0,1,0,1,0,2
418,0,0,0,1,1,1,1,0,1,0,0,1,0,0,0,1,0,0,0,2
419,1,0,0,1,1,1,1,0,1,0,0,1,0,0,1,1,0,1,0,1
420,1,1,0,1,1,0,0,1,0,0,0,0,0,0,0,1,0,1,0,2
421,1,1,0,1,1,0,0,0,0,0,1,0,0,0,0,1,0,1,0,2
422,1,1,0,1,1,1,0,1,0,0,0,0,0,0,1,1,0,0,0,2
423,1,0,0,1,1,0,0,0,1,0,0,0,0,0,0,1,0,1,0,1
424,0,1,0,1,1,1,0,0,0,0,0,0,0,0,1,1,0,1,0,1
425,1,0,0,0,1,0,0,0,0,1,0,1,1,0,1,0,0,1,0,1
426,0,1,1,1,0,0,1,0,0,0,0,1,0,0,0,0,1,1,0,2
427,0,1,1,1,1,1,1,0,0,0,0,1,0,0,1,1,0,0,0,0
428,0,1,0,1,0,1,0,1,0,0,0,0,0,0,1,1,0,0,0,1
429,0,1,0,1,1,0,0,1,0,0,0,0,1,0,0,1,0,1,0,1
430,0,0,0,0,0,0,0,0,0,0,0,1,1,0,1,0,1,1,0,2
431,1,0,1,1,1,0,0,0,0,1,0,1,1,0,1,0,0,0,0,1
432,0,1,0,1,1,0,0,1,0,0,0,0,0,0,1,1,0,1,0,0
433,1,0,0,1,1,0,0,0,0,0,0,1,0,0,1,1,0,1,0,1
434,1,1,1,0,1,0,1,0,0,0,0,1,0,0,0,1,0,1,0,2
435,1,1,1,1,0,1,0,0,0,0,0,1,0,0,1,1,0,1,0,1
436,1,0,0,1,1,0,0,0,0,1,0,1,0,0,1,0,0,1,0,1
437,1,1,0,1,1,1,0,0,0,0,0,1,0,0,1,0,1,0,1,2
438,0,1,0,1,0,1,0,1,0,0,0,0,1,0,1,1,0,1,0,1
439,1,1,0,1,1,0,1,0,1,0,0,0,0,0,0,1,0,1,0,2
440,0,1,1,1,0,0,1,0,0,0,0,1,0,0,0,0,1,1,0,2
441,0,1,0,1,1,1,0,0,1,0,0,0,0,0,1,1,0,1,0,2
442,1,0,0,1,1,1,0,0,0,1,0,1,0,0,1,1,0,1,0,1
443,0,1,0,1,1,0,0,1,0,0,0,0,0,0,1,1,0,1,0,2
444,0,1,0,1,1,0,0,1,0,0,0,0,1,0,0,1,0,1,0,1
445,1,0,0,1,1,0,1,0,0,0,0,1,0,0,1,1,0,1,0,2
446,0,0,0,1,1,0,0,0,0,0,0,0,0,0,1,1,0,1,0,1
447,1,1,0,1,1,1,1,0,0,0,0,1,0,0,0,1,0,1,0,0
448,0,1,1,1,1,1,0,0,0,0,0,1,0,1,1,0,1,1,0,1
449,1,1,0,1,1,0,0,1,0,0,0,0,0,0,0,1,0,1,0,2
450,1,1,0,1,1,0,0,1,0,0,0,0,1,0,1,0,1,1,0,2
451,1,1,1,1,1,1,0,0,0,0,0,1,0,1,1,0,1,0,0,0
452,0,0,0,0,1,0,0,0,0,0,0,0,0,0,1,0,0,1,0,1
453,1,1,0,1,1,0,0,0,1,0,0,0,1,0,0,0,0,1,0,1
454,0,0,0,0,0,0,0,0,0,0,0,1,1,0,1,0,1,1,0,2
455,1,0,0,1,1,0,0,0,0,0,0,1,1,0,1,0,0,1,0,1
456,0,1,0,1,1,0,0,1,0,0,0,0,0,0,1,1,0,1,0,2
457,0,1,1,1,1,1,0,0,0,0,0,1,0,0,1,1,0,1,0,1
458,0,0,0,0,1,0,0,0,0,0,0,1,1,0,0,1,0,1,0,1
459,0,1,1,1,0,1,0,0,0,0,0,1,1,0,0,0,1,0,0,2
460,0,1,0,1,1,0,0,1,0,0,0,0,0,0,1,1,0,1,0,2
461,0,1,0,1,1,0,1,0,0,0,0,1,1,0,1,1,0,1,0,0
462,0,1,1,0,0,0,1,0,0,0,0,1,0,0,0,0,1,1,0,0
463,0,1,0,1,1,0,1,0,0,0,0,1,1,0,1,1,0,1,0,0
464,1,1,0,1,1,1,0,1,0,0,0,0,0,1,0,1,0,1,0,0
465,0,1,1,0,1,0,1,0,0,0,0,1,0,0,0,1,0,0,0,2
466,0,0,0,0,0,0,1,0,0,0,0,0,1,0,0,1,0,1,0,1
467,0,0,0,0,1,0,0,1,0,0,0,0,1,0,0,0,0,1,0,1
468,1,0,0,1,1,1,0,0,1,0,0,0,0,0,1,1,0,1,0,2
469,0,1,1,1,1,1,1,0,0,0,0,1,0,0,0,1,0,1,0,1
470,0,1,1,0,0,0,1,0,0,0,0,1,1,0,0,1,0,1,0,2
471,0,0,0,1,1,0,1,0,0,0,0,1,0,0,0,1,0,1,0,1
472,0,0,0,0,1,0,0,1,0,0,0,0,1,0,0,0,0,1,0,1
473,0,1,0,0,1,1,0,0,0,0,0,1,0,0,1,0,0,1,0,2
474,1,1,0,0,1,0,0,0,1,0,0,0,0,0,0,1,0,1,0,2
475,0,1,0,1,1,1,0,1,0,0,0,0,0,0,1,1,0,1,0,1
476,0,1,0,1,1,0,1,0,0,0,0,1,1,0,1,1,0,1,0,0
477,1,1,0,1,1,0,0,1,0,0,0,0,0,0,1,1,0,1,0,2
478,0,1,0,1,1,0,0,1,0,0,0,0,0,0,0,1,0,1,0,1
479,0,1,0,1,1,1,1,0,0,1,0,1,0,0,1,1,0,1,0,2
480,1,0,0,1,1,1,0,0,1,0,0,0,0,0,0,1,0,1,0,2
481,0,0,0,0,0,0,0,0,0,0,0,1,0,0,1,1,0,1,0,1
482,1,1,0,1,1,0,0,1,0,0,0,0,1,0,0,1,0,1,0,1
483,0,0,0,1,0,0,0,0,1,0,0,0,0,0,1,1,0,1,0,1
484,0,0,1,1,1,0,0,0,0,0,0,0,0,0,1,1,0,1,0,2
485,0,0,0,0,1,1,0,0,1,0,0,0,0,0,1,1,0,1,0,2
486,1,1,0,1,1,1,0,0,0,0,0,1,0,0,1,0,1,0,0,2
487,0,1,1,1,0,0,1,0,0,0,0,1,0,0,0,1,0,0,0,2
488,1,1,1,1,0,1,0,0,0,0,0,1,0,0,1,1,0,1,0,1
489,1,1,0,1,1,1,0,1,0,0,0,0,1,0,0,1,0,1,0,2
490,0,1,1,1,0,1,1,0,0,0,0,1,1,0,1,1,0,0,0,0
491,0,1,0,1,1,0,0,1,0,0,0,0,0,0,0,1,0,1,0,2
492,0,0,0,1,1,0,0,0,1,0,0,0,1,0,0,1,0,1,0,1
493,1,1,1,1,1,1,0,0,0,0,0,1,0,1,1,0,1,0,0,0
494,0,0,0,1,1,0,0,0,0,0,0,1,0,0,1,0,0,1,0,1
495,1,1,0,0,1,1,0,0,1,0,0,0,0,0,1,1,0,1,0,1
496,0,0,0,0,1,0,0,1,0,0,0,0,0,0,0,0,0,1,0,1
497,0,1,1,1,1,1,1,0,0,0,0,1,0,0,0,1,0,1,0,2
498,0,1,1,1,1,1,0,0,0,0,0,1,0,0,1,1,0,0,0,2
499,0,1,1,0,1,1,1,0,0,0,0,1,0,0,1,0,1,0,0,2
500,1,1,0,0,1,1,0,0,1,0,0,0,0,0,1,1,0,1,0,1
501,1,1,0,1,0,1,0,0,1,0,0,0,0,0,1,1,0,1,0,1
502,1,1,0,1,0,1,0,0,1,0,0,0,0,0,1,1,0,1,0,1
503,0,1,1,1,1,1,1,0,0,0,0,1,0,0,0,0,1,0,0,1
504,1,0,0,0,0,0,0,0,1,0,0,0,1,0,1,0,0,1,0,1
505,0,0,0,0,0,0,0,0,1,0,0,0,1,0,0,1,0,1,0,1
506,1,1,0,1,1,1,0,0,0,0,1,0,0,1,1,1,0,1,0,0
507,0,0,0,0,1,0,0,0,0,0,0,1,0,0,1,0,0,1,0,2
508,1,1,0,0,1,1,0,0,1,0,0,0,0,0,1,1,0,1,0,1
509,1,1,0,1,1,0,0,1,0,0,0,0,0,0,1,1,0,1,0,2
510,1,1,0,1,1,1,0,0,1,0,0,0,0,0,1,1,0,1,0,1
511,1,1,0,1,1,1,0,0,0,0,0,1,0,0,1,0,1,0,1,2
512,1,1,0,1,0,1,0,0,1,0,0,0,0,0,1,1,0,1,0,1
513,1,1,0,1,1,0,0,0,0,0,0,0,0,0,1,1,0,1,0,2
514,1,0,0,0,0,0,0,1,0,0,0,0,1,0,0,1,0,1,0,1
515,1,1,0,0,1,0,0,0,1,0,0,0,0,0,0,1,0,1,0,2
516,0,0,0,1,1,0,0,0,0,0,0,1,0,0,1,0,0,1,0,1
517,0,1,1,1,1,1,1,0,0,0,0,1,0,1,1,1,0,0,0,0
518,1,1,1,1,0,1,0,0,0,0,0,1,0,0,1,1,0,1,0,1
519,0,0,0,0,1,0,0,0,0,0,0,1,0,0,1,1,0,1,0,2
520,1,0,0,1,1,0,0,0,1,0,0,0,0,0,0,1,0,1,0,1
521,1,1,0,1,1,0,0,1,0,0,0,0,1,0,0,1,0,1,0,1
522,0,0,0,0,1,0,0,1,0,0,0,0,0,0,0,0,0,1,0,1
523,1,1,1,1,1,1,1,0,0,0,0,1,0,0,0,0,1,1,0,2
524,0,1,0,1,1,0,0,0,0,0,0,1,0,0,1,1,0,1,0,1
525,1,1,0,1,1,1,0,0,0,0,0,1,0,0,1,0,1,0,1,2
526,0,1,1,1,0,0,1,0,0,0,0,1,0,0,0,0,1,1,0,2
527,0,1,1,1,1,1,0,0,0,0,0,1,0,0,1,1,0,0,0,2
528,0,0,0,1,1,1,0,0,1,0,0,0,0,0,1,0,1,1,0,2
529,1,1,0,1,1,0,0,1,0,0,0,0,1,0,0,1,0,1,0,2
530,0,1,0,1,1,1,0,0,0,0,0,1,0,0,1,0,1,1,0,2
531,1,0,0,0,1,0,0,0,1,0,0,0,0,0,1,1,0,1,0,1
532,0,0,0,1,1,0,0,0,0,0,0,1,0,0,1,0,0,1,0,1
533,0,1,0,1,1,0,0,1,0,0,0,0,1,0,0,1,0,1,0,2
534,0,0,0,1,1,1,0,0,1,0,0,0,0,0,1,1,0,1,0,2
535,0,0,0,1,1,1,1,0,1,0,0,1,0,0,0,1,0,0,0,2
536,1,1,0,1,1,0,0,1,0,0,0,0,0,0,1,1,0,1,0,2
537,0,1,0,1,1,0,0,1,0,0,0,0,1,0,0,1,0,1,0,1
538,0,1,0,1,1,1,0,1,0,0,0,0,0,0,1,0,0,1,0,1
539,1,1,0,1,1,0,0,1,0,0,0,0,0,0,1,1,0,1,0,2
540,0,0,0,1,1,1,0,0,1,0,0,0,0,0,1,1,0,1,0,2
541,1,1,0,1,1,0,0,1,0,0,0,0,0,0,1,1,0,1,0,2
542,1,1,0,1,1,0,0,0,0,0,0,0,0,0,1,1,0,1,0,2
543,1,1,0,1,1,1,0,0,1,0,0,0,0,0,1,1,0,1,0,2
544,1,1,0,1,1,0,0,1,0,0,0,0,0,0,1,1,0,1,0,2
545,1,1,0,1,1,0,0,0,0,0,0,0,0,0,1,1,0,1,0,2
546,1,1,0,1,1,0,0,0,0,0,1,0,1,0,0,1,0,1,0,0
547,0,0,0,1,1,1,0,1,0,0,0,0,0,0,1,1,0,1,0,2
548,1,1,0,1,1,1,0,0,1,0,0,0,0,0,1,1,0,1,0,1
549,0,1,1,1,0,0,1,0,0,1,0,1,1,0,0,1,0,0,0,2
550,0,1,1,1,0,0,1,0,0,0,0,1,0,0,0,0,1,1,0,2
551,1,0,0,0,1,0,0,0,1,0,0,0,0,0,1,1,0,1,0,1
552,0,1,0,1,1,1,0,0,1,0,0,0,0,0,1,1,0,1,0,2
553,1,1,0,1,1,0,0,1,0,0,0,0,0,0,1,1,0,1,0,2
554,0,1,1,0,1,0,1,0,0,0,0,1,0,0,0,1,0,0,0,2
555,1,1,1,1,1,0,0,1,0,0,0,0,0,0,0,1,0,1,0,2
556,1,0,0,0,1,0,0,0,0,1,0,1,1,0,1,1,0,1,0,1
557,1,1,0,1,1,1,0,0,0,0,0,1,0,0,0,0,1,1,0,2
558,1,0,0,0,0,0,0,0,0,0,0,0,0,0,0,0,0,1,0,1
559,1,1,0,1,1,0,0,0,0,0,0,0,0,0,1,1,0,1,0,2
560,0,1,0,1,1,1,0,0,0,0,1,0,0,1,1,0,1,1,0,0
561,1,1,0,1,1,1,0,0,0,0,0,0,0,0,1,1,0,1,0,2
562,1,1,0,1,1,0,0,1,0,0,0,0,0,0,1,1,0,1,0,2
563,0,0,0,0,1,0,0,0,0,0,0,1,1,0,0,1,0,1,0,1
564,0,0,1,0,0,0,0,0,0,0,0,1,0,0,0,1,0,1,0,1
565,0,1,1,1,1,1,0,0,0,0,0,1,0,0,0,1,0,0,0,2
566,1,0,0,1,1,1,0,0,0,1,0,1,0,0,1,1,0,1,0,1
567,0,1,0,1,1,0,0,1,0,0,0,0,0,0,1,1,0,1,0,2
568,0,0,0,0,0,0,0,0,1,0,0,0,1,0,0,1,0,1,0,2
569,0,1,0,1,1,0,0,1,0,0,0,0,0,0,1,0,1,1,0,2
570,0,1,1,0,0,0,0,0,0,1,0,1,0,0,0,1,0,1,0,2
571,0,1,0,1,1,0,0,1,0,0,0,0,0,1,0,1,0,1,0,2
572,0,1,1,1,0,1,1,0,0,0,0,1,1,0,1,1,0,0,0,0
573,0,1,0,1,1,0,0,1,0,0,0,0,0,0,1,1,0,1,0,1
574,1,1,0,0,0,0,0,0,1,0,0,0,0,0,0,0,0,1,0,1
575,0,0,0,1,1,0,0,0,0,0,0,1,0,0,1,0,0,1,0,1
576,0,1,0,1,1,0,0,1,0,0,0,0,0,0,0,1,0,1,0,1
577,0,1,1,1,1,1,0,0,0,0,0,1,0,0,1,1,0,1,0,1
578,1,1,1,1,1,1,1,0,0,0,0,1,0,0,0,0,1,1,0,2
579,0,0,0,1,1,1,0,0,1,0,0,0,0,0,1,0,1,1,0,2
580,0,0,1,1,1,0,0,0,0,0,0,1,0,0,0,1,0,0,0,1
581,0,0,1,1,1,1,0,0,0,0,0,1,0,0,1,0,1,0,0,1
582,0,0,0,0,0,0,0,0,1,0,0,0,1,0,0,1,0,1,0,1
583,0,0,1,1,1,0,0,0,1,0,0,0,0,0,1,1,0,1,0,2
584,0,1,1,1,1,1,1,0,0,0,0,1,0,0,1,1,0,0,0,0
585,1,1,1,0,0,1,1,0,0,0,0,1,1,0,0,0,1,0,1,1
586,1,1,0,1,1,0,0,1,0,0,0,0,1,0,0,1,0,1,0,1
587,1,1,0,1,1,1,0,0,0,0,0,1,0,0,1,0,1,0,0,2
588,0,1,1,1,0,1,0,0,0,0,0,1,1,0,0,0,1,1,0,1
589,0,1,0,1,1,1,0,0,1,0,0,0,0,0,1,1,0,1,0,2
590,0,0,0,1,1,0,0,0,1,0,0,0,0,1,1,1,0,1,0,2
591,1,0,0,1,1,0,0,0,0,0,0,1,0,0,1,1,0,1,0,1
592,0,0,1,1,1,1,0,0,0,1,0,1,0,1,1,1,0,0,0,0
593,0,1,1,1,1,1,1,0,0,0,0,1,0,0,0,0,1,0,0,1
594,0,1,0,1,1,0,0,1,0,0,0,0,0,0,1,1,0,1,0,2
595,0,0,1,0,1,1,0,0,1,0,0,0,0,1,1,0,0,1,0,1
596,0,1,0,1,1,1,1,0,0,1,0,1,0,0,1,1,0,1,0,2
597,0,0,0,0,0,0,0,0,0,0,0,1,1,0,1,0,1,1,0,2
598,1,1,0,1,1,0,0,1,0,0,0,0,1,0,1,0,1,1,0,2
599,1,0,0,1,1,1,0,0,0,1,0,1,0,0,1,1,0,1,0,1
600,1,0,0,1,1,0,1,0,0,0,0,0,0,1,1,1,0,1,0,1
601,1,0,0,1,1,0,0,0,0,0,0,1,1,0,1,0,0,1,0,1
602,1,1,0,1,1,1,0,0,0,0,0,1,0,1,1,0,1,0,1,2
603,1,0,0,0,0,0,0,0,0,0,0,0,0,0,0,0,0,1,0,1
604,0,0,1,0,0,0,0,0,0,0,0,1,0,0,0,1,0,1,0,2
605,0,0,0,0,0,0,0,0,0,0,0,1,1,0,1,0,1,1,0,2
606,0,0,0,1,1,1,0,1,0,0,0,0,0,0,1,1,0,1,0,0
607,1,0,0,0,1,0,0,0,1,0,0,0,0,0,1,0,0,1,0,1
608,0,1,0,1,1,0,0,1,0,0,0,0,0,0,0,1,0,1,0,2
609,0,1,0,1,1,1,0,0,0,0,0,0,0,0,1,1,0,1,0,1
610,0,1,0,1,1,0,0,1,0,0,0,0,0,0,1,1,0,1,0,1
611,1,1,0,1,1,0,0,1,0,0,0,0,0,0,1,1,0,1,0,2
612,0,1,0,1,1,1,0,0,0,0,0,1,0,0,1,0,1,0,0,2
613,0,0,0,0,0,1,0,0,0,0,0,1,0,0,1,0,0,1,0,1
614,0,1,0,1,1,0,0,1,0,0,0,0,1,0,0,1,0,1,0,1
615,1,1,0,1,1,0,0,0,0,0,1,0,1,0,0,1,0,1,0,0
616,1,1,0,1,1,0,0,0,0,0,0,0,0,0,1,1,0,1,0,2
617,1,1,0,1,1,0,0,0,0,0,1,0,1,0,0,1,0,1,0,1
618,1,0,0,1,1,0,0,0,0,0,0,1,1,0,1,0,0,1,0,1
619,0,1,0,1,1,1,0,0,0,0,0,1,0,1,1,0,1,0,0,0
620,0,1,0,1,1,0,0,1,0,0,0,0,0,0,1,1,0,1,0,0
621,1,1,1,0,1,0,1,0,0,0,0,1,0,0,0,1,0,1,0,2
622,0,1,1,1,0,0,1,0,0,0,0,1,0,0,0,0,1,1,0,2
623,1,1,1,1,1,0,0,1,0,0,0,0,0,0,1,1,0,1,0,2
624,0,1,0,1,1,0,0,0,0,0,0,0,1,0,1,1,0,1,0,1
625,0,1,0,1,0,1,0,1,0,0,0,0,0,0,1,1,0,0,0,1
626,0,0,0,1,1,1,0,0,1,0,0,0,0,0,1,1,0,1,0,1
627,0,0,0,1,1,1,0,1,0,0,0,0,0,0,1,1,0,1,0,0
628,0,1,0,1,1,1,0,0,0,0,1,0,0,1,1,0,1,1,0,0
629,0,0,0,1,1,1,0,0,0,1,0,1,0,0,1,1,0,1,0,2
630,1,1,0,1,1,0,0,1,0,0,0,0,1,0,0,1,0,1,0,2
631,1,1,0,0,0,1,0,0,1,0,0,0,0,0,1,0,1,1,0,2
632,1,1,0,1,1,0,0,0,0,0,0,1,0,0,1,1,0,1,0,2
633,1,1,1,1,1,0,0,0,1,0,0,1,0,0,0,1,0,1,0,1
634,1,0,0,1,1,1,1,0,0,0,0,1,0,0,0,0,0,1,0,1
635,0,0,0,1,1,0,0,1,0,0,0,0,0,0,1,1,0,1,0,2
636,1,0,0,1,1,1,0,0,0,1,0,1,0,0,1,0,0,1,0,1
637,1,1,0,1,1,0,0,0,0,0,0,0,0,0,1,1,0,1,0,2
638,1,1,0,1,1,0,0,0,0,0,0,0,1,0,1,1,0,1,0,2
639,0,1,0,1,1,0,0,1,0,0,0,0,1,0,0,1,0,1,0,2
640,0,1,0,1,1,0,0,1,0,0,0,0,0,1,1,1,0,1,0,0
641,0,1,0,1,1,0,0,1,0,0,0,0,0,0,1,1,0,1,0,2
642,0,0,0,0,1,1,0,0,1,0,0,0,0,0,1,1,0,1,0,1
643,1,1,0,1,1,1,0,0,0,0,1,0,0,1,1,1,0,1,0,0
644,0,1,0,1,1,1,0,1,0,0,0,0,0,0,1,1,0,1,0,1
645,1,1,0,1,1,0,0,1,0,0,0,0,1,0,0,1,0,1,0,2
646,0,0,0,0,1,0,0,0,0,1,0,1,1,0,1,0,0,1,0,1
647,0,0,1,0,1,0,0,0,0,1,0,1,1,0,1,1,0,1,0,2
648,0,1,0,1,1,0,1,0,0,0,0,1,1,0,1,1,0,1,0,0
649,0,0,0,1,1,1,0,0,1,0,0,0,0,0,1,1,0,1,0,2
650,1,0,0,0,1,0,0,1,0,0,0,0,0,0,0,1,0,1,0,1
651,0,0,1,0,1,0,0,0,0,1,0,1,1,0,1,1,0,1,0,2
652,0,0,1,0,1,0,0,0,1,0,0,0,0,0,1,0,0,1,0,1
653,1,0,0,1,1,0,0,0,0,0,0,1,0,0,1,1,0,1,0,1
654,0,1,1,1,0,1,1,0,0,0,0,1,0,0,1,0,1,0,0,1
655,0,1,0,1,1,0,0,1,0,0,0,0,0,1,0,1,0,1,0,2
656,0,0,0,1,1,1,0,1,0,0,0,0,0,0,1,1,0,1,0,0
657,1,1,0,1,1,1,0,0,1,0,0,0,0,0,1,1,0,1,0,1
658,1,1,1,1,1,0,0,0,1,0,0,1,0,0,0,1,0,1,0,1
659,1,0,0,1,1,1,1,0,1,0,0,1,0,0,1,1,0,1,0,1
660,0,1,0,1,1,1,0,1,0,0,0,0,0,0,1,1,0,1,0,2
661,1,1,0,1,1,0,0,0,0,0,0,0,1,0,1,1,0,1,0,2
662,0,1,0,1,1,0,0,1,0,0,0,0,0,0,0,1,0,1,0,1
663,0,1,0,1,1,0,0,1,0,0,0,0,0,0,0,1,0,1,0,2
664,0,1,0,0,1,0,0,0,0,0,0,1,0,0,1,1,0,1,0,2
665,1,1,1,0,1,0,1,0,1,0,0,1,0,0,0,0,1,1,0,2
666,0,1,0,1,1,1,0,1,0,0,0,0,0,0,1,1,0,1,0,1
667,1,0,0,1,1,1,0,1,0,0,0,0,0,1,1,1,0,1,0,2
668,0,0,1,1,1,1,0,0,0,1,0,1,0,0,1,0,0,0,0,1
669,0,1,0,1,1,0,0,1,0,0,0,0,0,1,0,1,0,1,0,2
670,1,1,0,0,1,1,0,0,1,0,0,0,0,0,1,1,0,1,0,1
671,1,0,0,0,1,1,0,0,0,0,0,1,0,0,1,1,0,1,0,1
672,1,1,0,1,1,1,0,0,1,0,0,0,0,0,1,1,0,1,0,1
673,0,1,1,1,1,1,0,0,0,0,0,1,0,0,1,1,0,0,0,2
674,1,0,0,1,1,1,1,0,1,0,0,1,0,0,1,1,0,1,0,1
675,0,0,0,0,1,0,0,0,0,0,0,1,0,0,1,0,0,1,0,2
676,0,1,1,0,1,0,1,0,0,0,0,1,0,0,0,1,0,0,0,2
677,0,1,0,1,1,0,0,0,0,0,0,0,1,0,1,1,0,1,0,1
678,1,1,0,1,1,0,0,0,0,0,0,0,1,0,1,1,0,1,0,2
679,0,1,1,1,1,0,0,0,0,0,0,1,0,0,1,1,0,1,0,2
680,0,1,1,1,1,1,0,0,0,0,0,1,0,0,1,0,1,0,0,1
681,1,1,0,1,1,0,0,0,0,0,1,0,1,0,0,1,0,1,0,0
682,1,1,0,0,1,1,0,0,0,0,0,1,0,0,1,1,0,1,0,2
683,0,1,0,1,1,1,1,0,0,1,0,1,0,0,1,1,0,1,0,2
684,0,0,0,0,1,0,0,1,0,0,0,0,1,0,0,0,0,1,0,1
685,1,1,0,0,1,1,0,0,1,0,0,0,0,0,1,1,0,1,0,1
686,0,0,0,1,1,1,0,1,0,0,0,0,0,0,1,1,0,1,0,2
687,0,1,1,1,0,1,0,0,0,0,0,1,1,0,0,0,1,1,0,1
688,0,0,0,1,1,1,0,0,1,0,0,0,0,0,1,1,0,1,0,2
689,0,1,1,1,0,1,1,0,0,0,0,1,1,0,1,1,0,0,0,0
690,0,1,1,1,1,1,0,0,0,1,0,1,0,0,1,0,1,0,0,2
691,0,1,1,1,1,0,0,1,0,0,0,0,0,0,0,1,0,1,0,2
692,0,1,1,1,1,1,1,0,0,0,0,1,0,0,1,0,1,0,0,2
693,1,1,0,1,1,1,0,0,0,0,0,0,0,0,1,1,0,1,0,2
694,0,1,1,1,1,0,1,0,0,0,0,1,0,0,0,0,1,1,0,1
695,1,1,0,1,1,0,0,1,0,0,0,0,0,0,1,0,1,1,0,2
696,1,0,0,0,1,0,0,0,0,0,1,0,0,0,0,0,0,1,0,1
697,0,1,1,1,1,1,1,0,0,0,0,1,0,0,0,0,1,0,0,1
698,1,1,0,1,1,0,0,0,0,0,0,0,0,0,1,1,0,1,0,2
699,1,1,0,1,1,1,0,0,1,0,0,0,0,0,1,1,0,1,0,1
700,1,1,0,1,1,0,0,0,0,0,0,0,0,0,1,1,0,1,0,2
701,1,0,0,0,1,0,0,0,1,0,0,0,0,0,1,1,0,1,0,1
702,1,0,0,0,1,0,0,1,0,0,0,0,0,0,0,1,0,1,0,1
703,1,0,0,1,1,0,1,0,0,0,0,0,0,1,1,1,0,1,0,1
704,1,1,0,1,1,0,0,1,0,0,0,0,1,0,0,1,0,1,0,1
705,1,1,1,0,0,1,1,0,0,0,0,1,0,0,1,1,0,0,0,2
706,1,1,0,1,1,1,0,0,1,0,0,0,0,0,1,0,1,1,0,2
707,1,1,0,1,1,0,0,0,0,0,0,0,1,0,1,1,0,1,0,2
708,0,1,0,1,0,0,1,0,0,0,0,1,0,0,0,1,0,1,0,2
709,0,0,1,1,1,0,0,0,1,0,0,0,0,0,1,1,0,1,0,2
710,0,0,0,1,1,1,0,0,1,0,0,0,0,0,1,1,0,1,0,1
711,0,0,1,0,1,0,0,0,0,0,0,0,1,0,1,0,0,1,0,1
712,0,0,1,1,1,0,1,0,1,0,0,0,0,0,1,1,0,1,0,1
713,0,1,0,1,1,0,0,1,0,0,0,0,1,0,1,1,0,1,0,2
714,1,0,0,1,1,1,0,0,0,1,0,1,0,0,1,0,0,1,0,1
715,1,1,0,0,0,0,0,1,0,0,0,0,0,0,0,0,0,1,0,1
716,1,1,0,1,1,1,0,1,0,0,0,0,0,1,0,1,0,1,0,0
717,1,0,0,1,1,0,0,0,0,1,0,1,0,0,1,0,0,1,0,1
718,0,1,0,1,1,0,0,1,0,0,0,0,0,0,0,1,0,1,0,2
719,0,0,1,1,1,0,1,0,0,0,0,1,0,0,0,1,0,1,0,2
720,1,1,0,1,1,0,0,0,0,0,0,0,0,0,1,1,0,1,0,2
721,1,0,0,0,0,0,0,0,1,0,0,0,0,0,1,1,0,1,0,2
722,0,1,1,0,0,0,1,0,0,0,0,1,1,0,0,0,1,1,0,2
723,1,1,0,1,1,0,0,1,0,0,0,0,1,0,0,1,0,1,0,1
724,1,1,0,1,0,1,0,0,1,0,0,0,0,0,1,1,0,1,0,1
725,0,0,0,1,1,1,0,0,1,0,0,0,0,0,1,1,0,1,0,2
726,1,1,1,0,1,0,1,0,1,0,0,1,0,0,0,0,1,1,0,2
727,1,1,1,1,1,0,0,1,0,0,0,0,0,0,0,1,0,1,0,2
728,0,1,0,1,1,0,0,1,0,0,0,0,1,0,0,1,0,1,0,1
729,1,1,0,1,1,0,0,0,0,0,0,0,1,0,1,1,0,1,0,2
730,1,1,1,1,1,1,1,0,0,0,0,1,0,0,0,0,1,1,0,2
731,1,1,1,0,0,0,1,0,1,0,0,1,1,0,0,1,0,1,0,2
732,1,1,0,1,1,0,0,1,0,0,0,0,0,0,1,1,0,1,0,2
733,0,1,1,1,0,1,1,0,0,0,0,1,1,0,1,1,0,0,0,0
734,1,1,0,1,1,0,0,0,0,0,0,0,1,0,1,1,0,1,0,2
735,0,1,0,1,1,1,0,1,0,0,0,0,0,1,1,1,0,1,0,0
736,1,1,0,1,1,0,0,0,1,0,0,0,0,0,1,0,0,1,0,1
737,0,1,1,1,1,1,0,0,0,0,0,1,0,0,1,1,0,0,0,2
738,1,1,0,1,1,0,0,0,0,0,0,0,0,0,1,1,0,1,0,2
739,0,0,0,0,1,0,0,0,0,1,0,1,1,0,1,0,0,1,0,1
740,0,0,1,1,1,1,1,0,1,0,0,0,0,0,1,1,0,0,1,2
741,0,1,1,1,1,0,0,1,0,0,0,0,1,0,1,1,0,1,0,2
742,0,1,1,1,1,1,0,0,0,0,0,1,0,0,1,1,0,1,0,1
743,1,1,1,1,1,0,0,0,1,0,0,1,0,0,0,1,0,1,0,1
744,1,0,0,0,0,0,0,0,1,0,0,0,0,0,0,1,0,1,0,2
745,0,0,0,1,1,1,0,0,0,0,0,1,0,0,1,0,0,1,0,1
746,0,0,0,1,1,1,1,0,1,0,0,0,0,0,0,1,0,1,0,2
747,0,0,0,1,1,1,0,0,1,0,0,0,0,0,1,1,0,1,0,2
748,0,1,0,1,1,0,1,0,0,0,0,1,1,0,1,1,0,1,0,0
749,0,1,1,0,0,0,1,0,0,0,0,1,1,0,0,0,1,1,0,2
750,1,1,0,1,1,0,0,1,0,0,0,0,0,0,1,1,0,1,0,2
751,0,0,0,0,1,0,0,0,0,0,0,1,0,0,1,0,0,1,0,2
752,0,1,0,1,0,1,0,1,0,0,0,0,0,0,1,1,0,1,0,2
753,0,0,0,0,1,0,0,0,0,0,0,1,0,0,0,1,0,1,0,1
754,1,1,0,1,1,1,0,0,0,0,0,1,0,0,0,0,1,1,0,2
755,0,1,0,1,1,1,0,1,0,0,0,0,0,0,1,0,0,1,0,1
756,0,0,0,1,1,1,1,0,1,0,0,1,0,0,0,1,0,0,0,2
757,0,0,1,1,1,1,0,0,0,0,0,1,0,0,0,1,0,1,0,1
758,1,1,0,1,1,0,0,0,0,0,0,0,0,0,1,1,0,1,0,2
759,0,0,0,0,1,0,0,0,0,0,0,0,0,0,1,0,0,1,0,1
760,0,0,0,0,1,1,0,0,1,0,0,0,0,0,1,1,0,1,0,1
761,1,0,0,0,1,1,0,0,0,0,0,1,0,0,1,1,0,1,0,1
762,1,1,1,1,1,1,0,0,0,0,0,1,0,1,1,0,1,0,0,2
763,1,1,1,1,1,0,0,0,1,0,0,1,0,0,0,1,0,1,0,1
764,0,1,1,1,1,1,0,0,0,0,0,1,0,0,1,1,0,0,0,2
765,0,1,0,1,1,0,0,1,0,0,0,0,0,0,0,1,0,1,0,2
766,1,1,0,1,1,1,0,0,1,0,0,0,0,0,1,0,0,1,0,1
767,1,1,0,1,1,0,0,1,0,0,0,0,0,0,1,1,0,1,0,2
768,0,0,1,1,1,1,0,0,1,0,0,0,0,0,1,0,0,1,0,2
769,1,1,0,1,1,1,0,0,1,0,0,0,0,0,1,0,1,1,0,0
770,0,1,0,1,1,0,0,1,0,0,0,0,0,0,1,1,0,1,0,2
771,1,1,0,1,1,1,0,0,0,0,0,1,0,0,1,0,1,0,0,2
772,1,1,1,0,0,1,1,0,0,0,0,1,1,0,0,0,1,0,1,1
773,1,1,0,1,0,1,0,0,1,0,0,0,0,0,1,1,0,1,0,1
774,0,1,1,1,0,1,0,0,0,0,0,1,1,0,0,0,1,1,0,1
775,1,1,0,1,1,1,0,0,1,0,0,0,0,0,1,0,1,1,0,2
776,0,1,0,1,1,0,0,1,0,0,0,0,0,0,0,1,0,1,0,2
777,1,0,0,1,1,1,0,0,0,0,0,1,0,0,1,0,0,1,0,1
778,1,1,0,1,1,0,0,0,0,0,1,0,1,0,0,1,0,1,0,1
779,1,1,0,1,1,1,0,0,0,0,0,0,0,0,1,1,0,1,0,2
780,0,1,1,0,1,1,1,0,0,0,0,1,0,0,1,0,1,0,0,2
781,1,1,0,1,1,0,0,1,0,0,0,0,0,0,0,1,0,1,0,2
782,0,1,0,1,1,0,0,1,0,0,0,0,0,0,1,1,0,1,0,1
783,0,1,1,1,1,1,0,0,0,0,0,1,0,0,1,1,0,0,0,2
784,0,1,0,0,1,0,1,0,0,0,0,1,1,0,1,1,0,1,0,1
785,0,1,1,1,1,1,0,0,0,0,0,1,0,0,1,1,0,0,0,2
786,1,1,0,1,0,1,0,0,1,0,0,0,0,0,1,1,0,1,0,1
787,1,0,0,0,0,0,0,0,1,0,0,0,0,0,0,1,0,1,0,2
788,0,1,0,1,1,1,0,0,0,0,1,0,0,1,1,0,1,1,0,0
789,1,1,0,1,1,1,0,0,0,0,0,1,0,0,1,0,1,0,0,2
790,1,0,0,0,1,0,0,0,0,1,0,1,1,0,1,1,0,1,0,1
791,0,1,0,1,1,0,0,1,0,0,0,0,0,0,1,1,0,1,0,2
792,1,0,0,0,1,0,0,1,0,0,0,0,0,0,0,0,0,1,0,1
793,1,1,0,0,0,0,0,1,0,0,0,0,0,0,0,0,0,1,0,1
794,0,0,0,0,0,0,0,0,0,0,0,1,0,0,1,1,0,1,0,1
795,1,1,0,0,1,0,0,0,1,0,0,0,0,0,0,1,0,1,0,2
796,0,1,1,1,0,0,1,0,0,0,0,1,0,0,0,0,1,1,0,2
797,0,0,0,1,1,0,0,0,0,0,0,1,0,0,1,0,1,1,0,2
798,1,1,0,1,1,0,0,0,0,0,0,0,0,0,1,1,0,1,0,2
799,1,1,0,1,1,1,0,0,0,0,0,1,0,0,1,0,1,0,0,2
800,1,1,1,1,1,1,0,0,1,0,0,1,0,0,1,1,0,0,0,2
801,0,1,0,1,1,1,0,1,0,0,0,0,0,0,1,1,0,1,0,2
802,0,1,0,1,0,1,0,1,0,0,0,0,0,0,1,1,0,0,0,1
803,1,1,0,1,1,0,0,0,0,0,0,0,0,0,1,1,0,1,0,2
804,0,0,0,1,1,0,1,0,0,0,0,1,0,0,0,1,0,1,0,1
805,0,0,0,0,1,0,0,0,0,0,1,0,0,0,0,0,0,1,0,1
806,1,0,0,1,1,1,0,1,0,0,0,0,0,1,1,1,0,1,0,2
807,1,1,0,1,1,0,0,1,0,0,0,0,0,0,1,1,0,1,0,2
808,0,1,0,1,1,1,0,0,0,0,0,1,0,0,1,0,1,0,1,2
809,0,1,1,1,1,1,0,0,0,0,0,1,0,0,1,1,0,0,0,2
810,0,0,1,1,1,1,0,0,0,1,0,1,0,1,1,1,0,0,0,0
811,1,1,0,1,1,1,0,0,1,0,0,0,0,0,1,0,1,1,0,2
812,1,1,0,1,0,1,0,0,1,0,0,0,0,0,1,0,1,1,0,2
813,0,0,1,0,0,0,0,0,0,0,0,1,0,0,0,1,0,1,0,1
814,0,1,0,1,1,0,0,1,0,0,0,0,0,1,0,1,0,1,0,0
815,1,0,0,0,1,0,0,1,0,0,0,0,0,0,0,1,0,1,0,1
816,0,0,0,1,1,0,0,0,1,0,0,0,0,1,1,1,0,1,0,2
817,0,1,0,1,1,0,0,1,0,0,0,0,1,0,0,1,0,1,0,1
818,1,0,0,0,1,0,0,0,1,0,0,0,0,0,1,0,0,1,0,1
819,0,0,0,0,1,0,0,1,0,0,0,0,1,0,0,0,0,1,0,1
820,1,1,0,1,1,0,0,0,0,0,0,0,1,0,1,1,0,1,0,2
821,1,1,0,1,1,0,0,0,0,0,1,0,0,0,0,1,0,1,0,2
822,0,1,0,1,1,0,0,1,0,0,0,0,0,0,1,1,0,1,0,0
823,0,1,0,1,1,1,0,0,0,0,0,1,0,0,1,0,1,0,1,2
824,1,1,1,1,1,0,0,0,1,0,0,1,0,0,0,1,0,1,0,1
825,0,1,1,1,1,0,0,1,0,0,0,0,0,0,0,1,0,1,0,2
826,0,1,1,1,1,1,0,0,0,0,0,1,0,0,1,1,0,0,0,2
827,1,1,1,0,0,1,1,0,0,0,0,1,0,0,1,1,0,0,0,2
828,0,1,1,0,1,1,1,0,0,0,0,1,0,0,1,0,1,0,0,2
829,0,0,0,1,1,0,0,0,1,0,0,0,0,1,1,1,0,1,0,2
830,0,0,0,1,0,0,0,0,1,0,0,0,0,0,1,1,0,1,0,1
831,0,1,0,0,1,0,0,1,0,0,0,0,0,0,0,1,0,1,0,1
832,0,1,1,1,1,0,0,1,0,0,0,0,0,0,0,1,0,1,0,2
833,0,1,0,1,1,0,0,1,0,0,0,0,0,0,1,1,0,1,0,2
834,1,1,1,1,1,1,1,0,0,0,0,1,0,0,0,0,1,0,0,1
835,0,1,0,1,1,0,0,1,0,0,0,0,0,0,0,1,0,1,0,2
836,1,1,0,1,1,0,0,0,0,0,0,0,1,0,1,1,0,1,0,2
837,0,0,0,1,1,1,0,0,1,0,0,0,0,0,1,0,1,1,0,2
838,0,0,0,0,1,0,0,0,0,0,0,1,0,0,1,1,0,1,0,2
839,1,1,0,1,1,0,0,0,0,0,1,0,1,0,0,1,0,1,0,1
840,1,1,0,1,1,1,0,0,0,0,0,0,0,0,1,1,0,1,0,2
841,1,1,0,1,1,1,0,0,1,0,0,0,0,0,1,0,1,1,0,0
842,1,1,0,1,1,0,0,1,0,0,0,0,1,0,0,1,0,1,0,1
843,0,0,0,1,1,1,1,0,1,0,0,1,0,0,0,1,0,0,0,2
844,0,1,0,1,1,0,0,1,0,0,0,0,0,0,1,1,0,1,0,0
845,0,1,0,1,1,0,0,1,0,0,0,0,0,0,1,1,0,1,0,2
846,1,1,0,1,1,1,0,0,0,0,0,1,0,0,1,0,1,0,1,2
847,1,1,0,0,1,1,0,0,1,0,0,0,0,0,1,1,0,1,0,1
848,1,1,0,1,1,0,0,0,0,0,1,0,1,0,0,1,0,1,0,0
849,1,1,1,1,1,0,0,1,0,0,0,0,0,0,0,1,0,1,0,2
850,1,1,0,1,1,0,0,1,0,0,0,0,0,0,0,1,0,1,0,2
851,1,0,0,0,0,0,0,0,1,0,0,0,0,0,0,1,0,1,0,1
852,0,1,0,1,1,0,0,1,0,0,0,0,0,0,0,1,0,1,0,2
853,1,1,0,1,1,0,0,1,0,0,0,0,1,0,0,1,0,1,0,1
854,1,0,0,1,1,0,0,0,1,0,0,0,0,0,1,1,0,1,0,1
855,1,0,0,0,0,0,0,0,0,0,0,0,0,0,1,0,0,1,0,1
856,1,0,0,1,1,1,0,1,0,0,0,0,0,0,0,1,0,1,0,1
857,1,0,0,0,0,0,0,0,1,0,0,0,0,0,0,1,0,1,0,2
858,0,0,0,1,1,1,0,0,0,1,0,1,0,0,1,1,0,1,0,2
859,1,1,0,1,0,1,0,0,1,0,0,0,0,0,1,1,0,1,0,1
860,0,1,0,1,1,0,0,0,0,0,0,1,0,0,1,0,0,1,0,1
861,0,1,0,0,1,1,0,0,0,0,0,1,0,0,1,0,0,1,0,2
862,1,0,0,0,1,0,0,0,0,1,0,1,1,0,1,1,0,1,0,1
863,1,0,0,0,1,0,0,0,0,0,1,0,0,0,0,0,0,1,0,1
864,1,1,0,0,1,1,0,0,0,0,0,1,0,0,1,0,0,1,0,1
865,1,1,0,1,1,0,0,0,0,0,0,0,1,0,1,1,0,1,0,2
866,0,1,0,1,1,0,0,1,0,0,0,0,0,0,0,1,0,1,0,1
867,1,1,1,0,1,0,1,0,1,0,0,1,0,0,0,0,1,1,0,2
868,1,1,0,1,1,0,0,1,0,0,0,0,1,0,0,1,0,1,0,2
869,1,1,0,1,1,0,0,0,0,0,1,0,0,0,0,1,0,1,0,2
870,0,0,0,1,1,1,0,0,1,0,0,0,0,0,1,0,1,1,0,2
871,0,1,0,1,1,1,0,0,0,0,0,1,0,0,1,0,1,0,1,2
872,0,0,0,1,1,1,0,0,1,0,0,0,0,0,1,1,0,1,0,2
873,1,1,0,1,1,0,0,0,1,0,0,0,1,0,0,0,0,1,0,1
874,1,0,0,1,1,1,0,0,1,0,0,0,0,0,1,1,0,1,0,2
875,1,1,1,1,1,1,1,0,0,0,0,1,0,0,1,1,0,1,0,2
876,0,1,0,1,1,0,0,1,0,0,0,0,0,0,0,1,0,1,0,2
877,1,1,0,0,1,1,0,0,1,0,0,0,0,0,1,1,0,1,0,1
878,0,1,0,1,1,0,0,1,0,0,0,0,0,0,0,1,0,1,0,1
879,0,1,0,1,1,0,0,1,0,0,0,0,0,0,1,1,0,1,0,2
880,1,1,0,1,1,1,0,0,0,0,0,1,0,0,1,0,1,0,1,2
881,1,0,0,1,1,1,0,1,0,0,0,0,0,1,1,1,0,1,0,1
882,0,1,0,1,1,0,0,1,0,0,0,0,0,0,0,1,0,1,0,1
883,1,1,0,1,1,0,0,1,0,0,0,0,1,0,1,0,1,1,0,2
884,0,1,1,1,1,1,0,0,0,0,0,1,0,0,1,1,0,0,0,2
885,0,0,0,1,1,0,0,0,1,0,0,0,0,1,1,1,0,1,0,2
886,1,1,0,1,1,0,0,0,0,0,0,0,1,0,1,1,0,1,0,2
887,0,1,1,1,0,0,1,0,0,0,0,1,0,0,0,0,1,1,0,2
888,1,1,1,1,1,1,1,0,1,0,0,1,0,0,1,1,0,0,0,2
889,0,1,1,0,0,0,0,0,0,1,0,1,0,0,0,1,0,1,0,2
890,0,0,0,1,1,1,1,0,1,0,0,1,0,0,0,1,0,0,0,2
891,1,1,0,1,1,1,0,0,1,0,0,0,0,0,1,1,0,0,0,2
892,1,1,0,1,1,1,0,1,0,0,0,0,1,0,0,1,0,1,0,2
893,1,1,0,1,1,0,0,1,0,0,0,0,0,0,0,1,0,1,0,2
894,1,1,0,1,1,0,0,0,0,0,1,0,1,0,0,1,0,1,0,1
895,1,1,1,0,0,1,1,0,0,0,0,1,0,0,1,1,0,0,0,2
896,1,1,1,1,0,1,0,0,0,0,0,1,0,0,1,1,0,1,0,1
897,0,0,0,1,1,0,0,0,1,0,0,0,0,1,1,1,0,1,0,2
898,0,1,1,1,1,1,0,0,0,0,0,1,0,0,1,0,1,0,0,1
899,0,1,1,1,1,1,0,0,0,0,0,1,0,0,1,1,0,0,0,2
900,1,1,0,1,1,1,0,0,1,0,0,0,0,0,1,1,0,0,0,2
901,0,1,0,0,1,0,1,0,0,0,0,1,0,0,1,1,0,1,0,2
902,0,1,0,1,1,1,0,1,0,0,0,0,0,0,1,1,0,1,0,1
903,1,1,0,1,1,0,1,0,1,0,0,0,0,0,0,1,0,1,0,2
904,0,1,0,1,1,0,0,1,0,0,0,0,0,0,1,1,0,1,0,0
905,0,1,0,1,1,1,0,0,0,0,1,0,0,1,1,0,1,1,0,0
906,1,0,0,1,1,1,0,1,0,0,0,0,0,0,0,1,0,1,0,1
907,1,1,0,1,1,0,0,0,0,0,0,0,1,0,1,1,0,1,0,2
908,0,1,0,1,1,1,0,0,0,0,1,0,0,1,1,1,0,1,0,2
909,0,1,0,1,1,1,0,1,0,0,0,0,0,0,1,0,0,1,0,1
910,1,1,0,1,1,0,0,1,0,0,0,0,0,0,1,1,0,1,0,2
911,0,0,0,1,1,1,1,0,1,0,0,1,0,0,1,0,1,0,0,1
912,0,0,1,1,1,0,0,0,0,0,0,0,0,0,1,1,0,1,0,2
913,1,1,0,1,1,0,0,0,0,0,0,0,1,0,1,1,0,1,0,2
914,1,1,0,1,1,0,0,0,0,0,1,0,1,0,0,1,0,1,0,1
915,0,0,1,1,1,0,0,0,0,0,0,0,0,0,1,1,0,1,0,2
916,1,1,0,1,1,0,0,0,0,0,0,0,0,0,1,1,0,1,0,2
917,0,0,1,0,1,0,0,0,0,1,0,1,1,0,1,1,0,1,0,2
918,0,1,1,1,0,1,1,0,0,0,0,1,1,0,1,1,0,0,0,0
919,0,1,0,1,1,0,0,1,0,0,0,0,0,0,1,1,0,1,0,2
920,0,1,0,1,1,0,0,1,0,0,0,0,0,0,0,1,0,1,0,2
921,1,1,0,1,1,0,0,1,0,0,0,0,0,0,0,1,0,1,0,2
922,0,1,1,1,1,1,0,0,0,0,0,1,0,0,0,1,0,0,0,2
923,0,0,1,0,1,0,0,0,1,0,0,0,0,0,1,0,0,1,0,1
924,1,1,0,1,1,1,1,0,0,0,0,1,0,0,0,1,0,1,0,0
925,1,0,1,1,1,0,0,0,0,0,0,0,0,0,1,1,0,1,0,2
926,0,0,1,1,1,0,0,0,0,0,0,1,0,0,0,1,0,1,0,1
927,1,1,0,1,1,0,0,0,0,0,0,0,1,0,1,1,0,1,0,2
928,0,1,0,1,1,0,0,0,0,0,1,0,0,0,0,1,0,1,0,1
929,1,0,0,1,1,1,0,1,0,0,0,0,0,1,1,1,0,1,0,2
930,1,1,1,1,1,0,0,1,0,0,0,0,0,0,0,1,0,1,0,2
931,0,1,0,1,1,0,0,1,0,0,0,0,0,0,0,1,0,1,0,2
932,1,1,0,1,1,0,0,1,0,0,0,0,1,0,0,1,0,1,0,1
933,0,1,1,1,0,1,0,0,0,0,0,1,1,0,0,0,1,0,0,2
934,0,0,0,0,0,0,0,0,0,0,1,0,0,0,0,0,0,1,0,1
935,0,0,1,1,1,1,1,0,1,0,0,0,0,0,1,1,0,0,1,2
936,0,1,0,1,1,1,0,0,0,0,0,1,0,1,1,0,1,0,1,0
937,1,1,0,1,1,0,0,1,0,0,0,0,1,0,0,1,0,1,0,1
938,1,1,0,1,1,0,0,1,0,0,0,0,0,0,0,1,0,1,0,2
939,1,1,0,1,1,1,0,0,0,0,1,0,0,1,1,1,0,1,0,0
940,0,1,0,1,1,0,0,1,0,0,0,0,0,0,0,1,0,1,0,1
941,0,0,0,0,1,0,0,0,0,0,0,1,0,0,0,1,0,1,0,1
942,1,1,0,0,1,1,0,0,1,0,0,0,0,0,1,1,0,1,0,1
943,0,1,0,1,1,0,0,1,0,0,0,0,0,0,1,1,0,1,0,0
944,0,1,1,1,1,1,1,0,0,0,0,1,0,0,1,0,1,0,0,2
945,0,1,0,1,1,1,0,0,1,0,0,0,0,0,1,1,0,1,0,2
946,0,1,0,1,1,1,0,0,1,0,0,0,0,0,1,1,0,1,0,2
947,1,1,0,1,1,0,0,0,0,0,0,0,0,0,1,1,0,1,0,2
948,0,0,0,0,1,1,0,0,1,0,0,0,0,0,1,1,0,1,0,1
949,0,1,0,0,1,1,0,0,0,0,0,1,0,0,1,0,0,1,0,2
950,0,1,1,1,0,1,0,0,0,0,0,1,1,0,0,0,1,1,0,1
951,0,1,1,1,1,1,0,0,0,0,0,1,0,0,1,0,1,0,0,1
952,0,0,0,1,1,1,1,0,1,0,0,0,0,0,0,1,0,1,0,2
953,0,0,0,1,1,1,0,0,1,0,0,0,0,0,1,1,0,1,0,2
954,1,1,0,1,1,1,0,0,0,0,1,0,0,0,0,1,0,1,0,0
955,0,0,0,0,1,0,0,1,0,0,0,0,0,0,0,0,0,1,0,1
956,0,1,0,1,1,0,0,1,0,0,0,0,0,0,1,1,0,1,0,0
957,0,0,0,0,1,0,0,0,0,0,0,1,0,0,1,1,0,1,0,2
958,0,1,0,1,1,0,0,0,0,0,1,0,0,0,0,1,0,1,0,1
959,1,1,0,1,1,1,0,0,0,0,0,1,0,0,1,0,1,0,1,2
960,1,0,0,1,1,1,1,0,1,0,0,1,0,0,1,1,0,1,0,1
961,0,1,0,1,1,1,0,0,0,0,0,1,0,0,1,0,1,0,1,2
962,0,1,1,1,1,1,1,0,0,0,0,1,0,1,1,1,0,0,0,0
963,1,1,0,0,1,1,0,0,0,0,0,1,0,0,1,1,0,1,0,2
964,1,1,0,1,0,1,0,0,1,0,0,0,0,0,1,0,1,1,0,2
965,0,0,0,1,1,1,0,0,1,0,0,0,0,0,1,0,1,1,0,2
966,0,1,0,1,1,0,0,0,0,0,0,1,0,0,1,0,0,1,0,1
967,0,1,1,1,1,1,0,0,0,0,0,1,0,0,1,1,0,1,0,1
968,1,1,0,1,1,0,0,0,0,0,0,0,1,0,1,1,0,1,0,2
969,0,0,1,0,1,0,0,0,0,1,0,1,1,0,1,1,0,1,0,2
970,1,0,0,1,1,1,0,1,0,0,0,0,0,1,1,1,0,1,0,2
971,1,1,0,0,0,0,0,1,0,0,0,0,0,0,0,0,0,1,0,1
972,1,0,0,1,1,1,0,0,0,1,0,1,0,0,1,0,0,1,0,1
973,0,0,0,1,1,0,0,0,1,0,0,0,0,1,1,1,0,1,0,2
974,0,0,0,1,1,0,1,0,0,0,0,1,0,0,0,1,0,1,0,1
975,1,1,0,1,1,0,0,1,0,0,0,0,0,0,1,1,0,1,0,2
976,0,1,0,1,1,1,0,0,1,0,0,0,0,0,1,1,0,1,0,2
977,0,0,0,1,1,0,0,0,0,0,1,0,0,0,1,0,0,1,0,1
978,0,0,0,0,0,0,0,0,0,0,1,0,0,0,0,0,0,1,0,1
979,1,1,0,1,1,0,0,0,0,0,0,0,0,0,1,1,0,1,0,2
980,1,1,0,1,1,0,0,1,0,0,0,0,0,0,1,1,0,1,0,2
981,1,1,0,1,1,0,0,0,0,0,0,0,0,0,1,1,0,1,0,2
982,0,0,1,0,0,0,0,0,0,0,0,1,0,0,0,1,0,1,0,1
983,0,0,0,1,1,1,1,0,1,0,0,0,0,0,0,1,0,1,0,2
984,1,0,0,0,0,0,0,0,0,0,0,0,0,0,0,0,0,1,0,1
985,0,1,1,1,1,0,0,1,0,0,0,0,0,0,0,1,0,1,0,2
986,0,1,1,1,1,0,0,1,0,0,0,0,0,0,1,1,0,1,0,2
987,0,1,0,1,1,0,0,1,0,0,0,0,0,0,1,1,0,1,0,0
988,0,0,0,1,1,0,0,0,0,0,0,1,0,0,1,0,0,1,0,1
989,0,0,0,0,1,0,0,0,0,1,0,1,1,0,1,0,0,1,0,1
990,1,1,0,1,0,1,0,0,0,0,0,1,1,0,1,0,1,1,0,1
991,0,1,0,1,0,1,0,1,0,0,0,0,0,0,1,1,0,0,0,1
992,1,0,0,0,1,0,0,0,1,0,0,0,0,0,1,0,0,1,0,1
993,0,0,0,1,1,1,1,0,1,0,0,1,0,0,1,0,1,0,0,1
994,0,1,0,1,1,0,0,1,0,0,0,0,1,0,0,1,0,1,0,1
995,1,0,0,0,1,0,0,0,1,0,0,0,0,1,1,1,0,1,0,0
996,0,1,0,1,1,0,0,0,0,0,0,1,0,0,1,0,0,1,0,1
997,1,1,0,1,1,0,0,0,0,0,0,0,0,0,1,1,0,1,0,2
998,1,0,0,1,1,1,0,1,0,0,0,0,0,1,1,1,0,1,0,1
999,0,0,0,0,1,0,0,0,1,0,0,1,1,0,1,1,0,1,0,2
1000,0,1,0,1,0,1,0,1,0,0,0,0,1,0,1,0,0,1,0,1
1001,1,1,0,0,0,1,0,0,1,0,0,0,0,0,1,0,1,1,0,2
1002,0,1,1,1,0,0,1,0,0,0,0,1,1,0,0,1,0,1,0,2
1003,1,1,0,1,1,0,0,1,0,0,0,0,0,0,1,1,0,1,0,2
1004,0,1,0,1,1,0,0,1,0,0,0,0,0,0,1,1,0,1,0,2
1005,0,1,1,1,1,0,0,1,0,0,0,0,0,0,0,1,0,1,0,2
1006,1,1,0,1,1,1,0,0,0,0,0,1,0,1,1,0,1,0,0,2
1007,1,1,0,1,0,0,1,0,0,0,0,1,0,0,1,1,0,1,0,2
1008,1,1,0,1,1,0,0,0,0,0,0,0,1,0,1,1,0,1,0,2
1009,0,1,0,1,0,1,0,1,0,0,0,0,1,0,1,0,0,1,0,1
1010,0,1,1,1,1,1,1,0,0,0,0,1,0,0,1,0,1,0,0,2
1011,1,1,1,1,1,0,0,1,0,0,0,0,0,0,0,1,0,1,0,2
1012,1,0,0,0,1,0,0,0,0,0,0,1,0,0,0,1,0,1,0,1
1013,1,0,0,1,1,1,0,0,0,1,0,1,0,0,1,1,0,1,0,1
1014,1,0,0,0,1,0,0,0,1,0,0,0,0,0,1,0,0,1,0,1
1015,0,1,0,1,1,1,0,0,1,0,0,0,0,0,1,1,0,1,0,2
1016,0,0,0,0,0,0,0,0,1,0,0,0,0,0,0,1,0,1,0,1
1017,1,1,0,1,1,0,0,0,0,0,0,0,0,0,1,1,0,1,0,2
1018,1,0,0,0,1,0,0,0,1,0,0,0,0,0,1,0,0,1,0,1
1019,0,1,0,1,1,0,0,1,0,0,0,0,0,1,0,1,0,1,0,2
1020,0,1,0,1,1,1,0,0,0,0,0,1,0,0,1,0,1,0,1,2
1021,0,1,1,0,1,0,1,0,0,0,0,1,0,0,0,1,0,0,0,2
1022,1,1,0,1,1,0,0,1,0,0,0,0,0,0,1,0,1,1,0,2
1023,0,0,0,1,1,0,0,0,0,0,0,1,0,0,1,0,0,1,0,1
1024,0,1,1,1,1,1,0,0,0,0,0,1,0,0,1,1,0,0,0,2
1025,0,0,0,0,1,0,0,0,0,1,0,1,0,0,1,1,0,1,0,0
1026,0,1,0,1,0,1,0,1,0,0,0,0,0,0,1,1,0,0,0,1
1027,1,1,0,1,1,0,0,0,1,0,0,0,0,0,1,0,0,1,0,1
1028,1,0,0,0,0,0,0,0,1,0,0,0,0,0,0,1,0,1,0,1
1029,1,1,0,1,1,1,0,0,1,0,0,0,0,0,1,0,1,1,0,2
1030,1,0,0,1,1,1,0,1,0,0,0,0,0,0,0,1,0,1,0,1
1031,1,1,0,1,1,1,0,0,0,0,1,0,0,0,0,1,0,1,0,0
1032,1,1,0,0,1,1,0,0,1,0,0,0,0,0,1,1,0,1,0,1
1033,0,1,0,1,1,0,0,1,0,0,0,0,0,0,1,1,0,1,0,0
1034,1,1,1,1,1,1,0,0,0,0,0,1,0,1,1,0,1,0,0,2
1035,1,1,0,0,1,1,0,0,0,0,0,1,0,0,1,0,0,1,0,1
1036,0,1,0,1,1,1,0,0,0,0,0,0,0,0,1,1,0,1,0,1
1037,0,1,1,1,1,1,1,0,0,0,0,1,0,0,1,1,0,1,0,2
1038,1,0,0,1,1,0,0,0,1,0,0,0,0,0,0,1,0,1,0,1
1039,1,1,0,1,1,1,0,1,0,0,0,0,0,1,0,1,0,1,0,0
1040,0,1,0,1,0,1,0,1,0,0,0,0,1,0,1,0,0,1,0,1
1041,1,1,0,1,1,1,0,0,0,0,0,1,0,0,1,0,1,0,1,2
1042,0,1,0,1,0,0,1,0,0,0,0,1,0,0,0,1,0,1,0,2
1043,0,0,1,0,0,0,0,0,0,0,0,1,0,0,0,1,0,1,0,1
1044,1,1,0,1,0,1,0,0,1,0,0,0,0,0,1,0,1,1,0,2
1045,0,0,1,1,1,0,0,0,0,0,0,1,0,0,0,1,0,0,0,1
1046,0,1,0,1,1,1,0,0,0,0,0,1,0,0,1,0,1,0,1,2
1047,1,1,0,1,1,0,0,0,0,0,0,0,0,0,1,1,0,1,0,2
1048,0,1,0,1,1,0,0,1,0,0,0,0,0,0,1,1,0,1,0,2
1049,1,1,0,1,1,0,0,1,0,0,0,0,1,0,0,1,0,1,0,2
1050,1,1,0,1,1,0,0,1,0,0,0,0,0,0,1,1,0,1,0,2
1051,0,1,1,1,1,1,1,0,0,0,0,1,0,0,0,1,0,1,0,2
1052,1,0,0,1,1,1,0,1,0,0,0,0,0,1,1,1,0,1,0,2
1053,0,1,0,1,0,1,0,1,0,0,0,0,1,0,1,0,0,1,0,1
1054,0,0,0,0,1,0,0,0,0,0,0,0,0,0,1,0,0,1,0,1
1055,1,0,0,0,1,0,0,1,0,0,0,0,0,0,0,1,0,1,0,1
1056,1,1,0,1,1,1,0,0,0,0,0,1,0,1,1,0,1,0,1,2
1057,0,0,0,1,1,1,0,0,1,0,0,0,0,0,1,1,0,1,0,1
1058,1,1,1,1,1,1,0,0,0,0,0,1,0,1,1,0,1,0,0,2
1059,0,1,0,1,0,1,0,1,0,0,0,0,1,0,1,0,0,1,0,1
1060,0,0,0,0,1,0,0,0,0,1,0,1,1,0,1,0,0,1,0,1
1061,0,1,1,0,1,0,1,0,0,0,0,1,0,0,0,1,0,0,0,2
1062,0,1,1,1,1,1,0,0,0,0,0,1,0,0,0,1,0,0,0,2
1063,1,1,0,1,1,1,0,0,1,0,0,0,0,0,1,1,0,0,0,2
1064,0,1,0,1,1,0,0,1,0,0,0,0,0,0,0,1,0,1,0,2
1065,0,0,1,1,1,1,0,0,0,1,0,1,0,1,1,1,0,0,0,0
1066,0,0,0,0,1,0,0,1,0,0,0,0,0,0,0,0,0,1,0,1
1067,0,0,0,0,0,1,0,0,0,0,0,1,0,0,1,0,0,1,0,1
1068,0,1,1,1,0,0,1,0,0,0,0,1,0,0,0,0,1,1,0,2
1069,1,1,1,1,1,1,1,0,0,0,0,1,0,0,0,0,1,1,0,2
1070,1,1,1,1,1,1,0,0,1,0,0,1,0,0,1,1,0,0,0,2
1071,0,1,0,1,1,0,0,1,0,0,0,0,0,0,1,1,0,1,0,0
1072,0,0,0,1,1,1,0,1,0,0,0,0,0,0,1,1,0,1,0,0
1073,1,0,0,1,1,1,1,0,0,0,0,1,0,0,0,0,0,1,0,1
1074,1,1,1,1,1,0,0,1,0,0,0,0,0,0,0,1,0,1,0,2
1075,0,1,1,1,0,1,1,0,0,0,0,1,0,0,1,0,1,0,0,1
1076,0,1,0,1,1,0,0,1,0,0,0,0,0,0,1,1,0,1,0,0
1077,0,0,0,1,0,0,0,0,1,0,0,0,0,0,1,1,0,1,0,2
1078,1,1,0,1,1,0,0,1,0,0,0,0,0,0,0,1,0,1,0,2
1079,0,0,0,0,0,0,0,0,1,0,0,0,1,0,0,1,0,1,0,1
1080,1,1,0,0,1,0,1,0,1,0,0,0,0,0,0,0,1,1,0,1
1081,0,0,0,1,1,1,0,0,1,0,0,0,0,0,1,0,1,1,0,2
1082,0,1,0,0,1,1,0,0,0,0,0,1,0,0,1,0,0,1,0,2
1083,0,1,0,1,1,0,0,1,0,0,0,0,0,0,1,1,0,1,0,2
1084,1,1,1,0,0,0,1,0,1,0,0,1,1,0,0,1,0,1,0,2
1085,0,1,0,1,1,1,0,0,0,0,1,0,0,1,1,1,0,1,0,2
1086,0,0,1,0,1,0,0,0,1,0,0,0,0,0,1,0,0,1,0,1
1087,0,1,1,1,1,0,0,0,0,0,0,1,0,0,1,1,0,1,0,2
1088,0,0,0,1,1,0,0,0,0,0,0,1,0,0,1,0,0,1,0,1
1089,1,0,0,0,0,0,0,0,1,0,0,0,0,0,0,1,0,1,0,1
1090,0,1,0,1,1,0,0,1,0,0,0,0,0,0,0,1,0,1,0,2
1091,0,1,0,1,1,0,0,1,0,0,0,0,1,0,0,1,0,1,0,1
1092,1,1,0,0,1,0,1,0,1,0,0,0,0,0,0,0,1,1,0,1
1093,0,0,0,1,1,1,0,0,1,0,0,0,0,0,1,1,0,1,0,2
1094,1,1,0,0,1,0,0,0,1,0,0,0,0,0,1,1,0,1,0,1
1095,1,1,1,1,1,1,0,0,0,0,0,1,0,1,1,0,1,0,0,0
1096,1,1,1,1,0,1,1,0,0,0,0,1,0,0,0,0,1,1,0,2
1097,0,1,1,1,1,1,0,0,0,0,0,1,0,1,1,0,1,1,0,1
1098,1,1,0,0,0,1,0,0,1,0,0,0,0,0,1,0,1,1,0,2
1099,1,1,0,1,1,1,0,1,0,0,0,0,1,0,0,1,0,1,0,2
1100,0,1,0,1,0,1,0,1,0,0,0,0,1,0,1,0,0,1,0,1
1101,1,1,0,1,1,0,0,1,0,0,0,0,0,0,1,1,0,1,0,2
1102,1,0,0,1,1,1,0,0,1,0,0,0,0,0,1,1,0,1,0,2
1103,1,1,1,1,1,0,0,1,0,0,0,0,0,0,0,1,0,1,0,2
1104,0,1,0,1,1,0,0,1,0,0,0,0,0,1,0,1,0,1,0,2
1105,0,0,0,0,1,1,0,0,1,0,0,0,0,0,1,1,0,1,0,2
1106,1,1,0,1,1,1,0,0,0,0,1,0,0,0,0,1,0,1,0,0
1107,1,1,0,1,1,0,0,1,0,0,0,0,1,0,0,1,0,1,0,2
1108,0,1,0,1,1,0,0,0,0,0,1,0,0,0,0,1,0,1,0,1
1109,0,1,0,1,1,0,0,1,0,0,0,0,1,0,1,0,1,1,0,2
1110,0,0,0,1,1,1,1,0,1,0,0,0,0,0,0,1,0,1,0,2
1111,0,0,0,0,0,0,0,0,1,0,0,0,1,0,0,1,0,1,0,2
1112,0,1,0,0,1,0,0,1,0,0,0,0,0,0,0,1,0,1,0,1
1113,0,1,0,1,1,0,0,1,0,0,0,0,1,0,0,1,0,1,0,1
1114,1,1,0,1,1,1,0,1,0,0,0,0,0,1,0,1,0,1,0,0
1115,1,1,0,1,1,0,0,1,0,0,0,0,1,0,0,1,0,1,0,1
1116,0,0,0,1,0,0,0,0,1,0,0,0,0,0,1,1,0,1,0,2
1117,1,0,0,1,1,0,1,0,0,0,0,1,0,0,1,1,0,1,0,2
1118,1,1,0,0,0,1,0,0,1,0,0,0,0,0,1,0,1,1,0,2
1119,1,1,1,1,1,0,0,1,0,0,0,0,0,0,0,1,0,1,0,2
1120,1,1,0,1,1,0,0,1,0,0,0,0,0,0,1,1,0,1,0,2
1121,0,1,0,1,1,0,0,1,0,0,0,0,0,0,1,1,0,1,0,2
1122,0,0,0,1,1,1,0,0,1,0,0,0,0,0,1,1,0,1,0,2
1123,0,0,1,1,1,1,1,0,1,0,0,0,0,0,1,1,0,0,1,2
1124,0,1,1,0,0,0,0,0,0,0,0,1,0,0,0,0,1,0,0,1
1125,1,0,0,1,1,1,0,1,0,0,0,0,0,1,1,1,0,1,0,2
1126,0,1,1,0,0,0,0,0,0,0,0,1,0,0,0,0,1,0,0,1
1127,0,0,0,1,1,0,0,0,0,0,1,0,0,0,1,0,0,1,0,1
1128,0,1,0,1,1,1,0,1,0,0,0,0,0,0,1,1,0,1,0,2
1129,0,1,0,1,1,0,0,1,0,0,0,0,1,0,0,1,0,1,0,2
1130,0,1,0,1,0,1,0,1,0,0,0,0,1,0,1,1,0,1,0,1
1131,1,1,0,1,1,1,0,0,1,0,0,0,0,0,1,1,0,1,0,1
1132,0,0,0,1,1,0,0,0,1,0,0,0,0,0,0,1,0,1,0,2
1133,1,1,0,1,1,0,0,1,0,0,0,0,0,0,1,1,0,1,0,2
1134,1,1,0,1,0,1,0,0,1,0,0,0,0,0,1,1,0,1,0,1
1135,1,1,1,1,1,1,0,0,1,0,0,1,0,0,1,1,0,0,0,2
1136,1,1,0,1,1,1,0,0,0,0,0,1,0,0,1,0,1,0,0,2
1137,1,1,0,0,1,1,0,0,0,0,0,1,0,0,1,1,0,1,0,2
1138,1,1,1,0,1,0,1,0,0,0,0,1,0,0,0,1,0,1,0,2
1139,0,0,0,1,1,1,0,0,0,0,0,1,0,0,1,0,0,1,0,1
1140,1,1,1,0,1,0,1,0,0,0,0,1,0,0,0,1,0,1,0,2
1141,0,1,0,1,1,0,0,1,0,0,0,0,0,1,0,1,0,1,0,0
1142,1,0,0,1,1,0,0,0,1,0,0,0,0,0,1,1,0,1,0,1
1143,1,1,0,0,1,0,1,0,1,0,0,0,0,0,0,0,1,1,0,1
1144,0,0,0,0,1,1,0,0,1,0,0,0,0,0,1,1,0,1,0,1
1145,0,0,1,1,1,1,1,0,1,0,0,0,0,0,1,1,0,0,1,2
1146,0,1,0,1,1,1,0,0,0,0,0,1,0,0,1,0,1,0,0,2
1147,1,1,0,1,1,0,0,1,0,0,0,0,0,0,1,1,0,1,0,2
1148,0,0,0,1,0,0,0,0,1,0,0,0,0,0,1,1,0,1,0,2
1149,1,1,0,0,1,0,1,0,1,0,0,0,0,0,0,1,0,1,0,1
1150,1,0,0,0,1,0,0,0,1,0,0,0,0,0,1,1,0,1,0,1
1151,1,0,0,1,1,1,0,1,0,0,0,0,0,0,1,1,0,1,0,1
1152,1,1,0,1,1,0,0,0,0,0,0,0,0,0,1,1,0,1,0,2
1153,1,1,1,1,1,0,0,1,0,0,0,0,0,0,1,1,0,1,0,2
1154,0,1,1,0,0,0,0,0,0,0,0,1,0,0,0,0,1,0,0,1
1155,1,1,0,1,1,0,0,0,0,0,0,0,1,0,1,1,0,1,0,2
1156,0,0,1,1,1,1,0,0,1,0,0,0,0,0,1,0,0,1,0,2
1157,0,0,1,1,1,1,0,0,0,1,0,1,0,1,1,1,0,0,0,0
1158,1,0,0,0,1,0,0,0,0,0,0,1,0,0,0,1,0,1,0,1
1159,0,1,0,1,1,0,0,1,0,0,0,0,1,0,0,1,0,1,0,2
1160,0,1,1,0,0,0,1,0,0,0,0,1,0,0,0,1,0,1,0,2
1161,1,0,0,0,1,0,0,1,0,0,0,0,0,0,0,1,0,1,0,1
1162,1,1,1,0,0,0,1,0,1,0,0,1,1,0,0,1,0,1,0,2
1163,0,1,0,1,1,0,0,1,0,0,0,0,0,0,1,0,1,1,0,2
1164,0,1,0,1,1,0,0,1,0,0,0,0,0,0,1,0,1,1,0,2
1165,0,1,1,0,0,0,1,0,0,0,0,1,0,0,0,1,0,1,0,2
1166,1,1,0,1,1,1,0,1,0,0,0,0,0,0,1,1,0,0,0,2
1167,1,0,0,1,1,0,0,0,0,0,0,1,0,0,1,1,0,1,0,1
1168,0,1,1,0,1,1,1,0,0,0,0,1,0,0,1,0,1,0,0,2
1169,1,1,0,0,1,0,1,0,1,0,0,0,0,0,0,0,1,1,0,1
1170,0,1,1,0,0,0,1,0,0,0,0,1,1,0,0,0,1,1,0,2
1171,0,0,1,1,1,1,0,0,0,1,0,1,0,1,1,1,0,1,0,0
1172,0,0,0,0,0,0,0,0,0,0,0,1,0,0,1,1,0,1,0,1
1173,1,0,0,0,1,0,0,0,1,0,0,0,0,0,1,1,0,1,0,1
1174,0,0,0,1,1,0,0,0,0,0,0,1,0,0,1,0,1,1,0,2
1175,1,1,0,1,1,0,0,1,0,0,0,0,1,0,0,1,0,1,0,1
1176,0,0,1,1,1,1,0,0,0,1,0,1,0,1,1,1,0,0,0,0
1177,0,0,0,0,1,0,0,0,0,0,1,0,0,0,0,0,0,1,0,1
1178,0,1,0,1,1,0,0,1,0,0,0,0,0,0,1,1,0,1,0,2
1179,1,1,0,1,1,1,0,1,0,0,0,0,0,1,0,1,0,1,0,0
1180,0,0,0,0,1,0,0,0,0,0,0,0,0,0,1,0,0,1,0,1
1181,0,0,1,1,1,0,1,0,1,0,0,0,0,0,1,1,0,1,0,1
1182,0,1,1,0,1,0,1,0,0,0,0,1,0,0,0,1,0,0,0,2
1183,1,0,0,0,0,0,0,0,1,0,0,0,1,0,1,0,0,1,0,1
1184,0,1,0,1,1,0,0,1,0,0,0,0,0,0,0,1,0,1,0,2
1185,1,1,0,1,1,0,0,1,0,0,0,0,1,0,0,1,0,1,0,1
1186,0,1,0,1,1,0,0,1,0,0,0,0,0,0,0,1,0,1,0,2
1187,1,1,0,0,1,1,0,0,1,0,0,0,0,0,1,1,0,1,0,1
1188,0,1,0,1,1,1,0,0,0,0,1,0,0,1,1,1,0,1,0,2
1189,1,1,1,1,0,1,0,0,0,0,0,1,0,0,1,1,0,1,0,1
1190,0,1,1,1,1,1,1,0,0,1,0,1,0,0,0,1,0,1,0,2
1191,0,1,0,1,1,0,0,1,0,0,0,0,0,0,0,1,0,1,0,2
1192,0,0,0,0,1,1,0,0,1,0,0,0,0,0,1,1,0,1,0,1
1193,0,1,1,1,0,1,1,0,0,0,0,1,1,0,1,1,0,0,0,0
1194,0,1,0,0,1,0,0,1,0,0,0,0,0,0,0,1,0,1,0,1
1195,0,1,1,1,0,1,1,0,0,0,0,1,1,0,1,1,0,0,0,0
1196,0,0,0,0,0,0,0,0,1,0,0,0,0,0,0,1,0,1,0,1
1197,0,1,1,1,1,0,0,0,0,0,0,1,0,0,1,0,1,0,0,2
1198,0,0,1,0,1,0,0,0,1,0,0,0,0,0,1,0,0,1,0,1
1199,0,1,1,1,1,1,0,0,0,0,0,1,0,0,1,0,1,0,0,1
1200,1,1,0,1,1,1,0,0,1,0,0,0,0,0,1,1,0,1,0,1
1201,1,1,0,0,0,1,0,0,1,0,0,0,0,0,1,0,1,1,0,2
1202,0,1,0,1,1,0,0,1,0,0,0,0,0,0,0,1,0,1,0,2
1203,1,1,0,0,1,1,0,0,1,0,0,0,0,0,1,1,0,1,0,1
1204,1,1,0,1,1,0,0,1,0,0,0,0,1,0,0,1,0,1,0,2
